date,store,product,opening,received,sold,closing,reorder_lvl,lead_days
2026-05-01,S01,P101,174,451,61,564,187,1
2026-05-01,S01,P102,107,0,15,92,56,4
2026-05-01,S01,P201,77,235,54,258,93,1
2026-05-01,S01,P205,75,175,39,211,75,4
2026-05-01,S01,P330,162,0,45,117,150,1
2026-05-01,S01,P331,115,0,31,84,112,4
2026-05-01,S01,P442,180,570,64,686,225,4
2026-05-01,S01,P443,93,907,93,907,300,1
2026-05-01,S01,P501,146,0,22,124,37,4
2026-05-01,S01,P502,91,0,21,70,75,4
2026-05-01,S01,P601,55,132,18,169,56,2
2026-05-01,S01,P701,72,0,12,60,45,1
2026-05-01,S01,P702,138,0,35,103,93,1
2026-05-01,S02,P101,196,1229,124,1301,427,2
2026-05-01,S02,P102,100,327,41,386,128,1
2026-05-01,S02,P201,60,652,78,634,213,1
2026-05-01,S02,P205,61,509,59,511,171,2
2026-05-01,S02,P330,123,1017,123,1017,342,4
2026-05-01,S02,P331,57,798,74,781,256,4
2026-05-01,S02,P442,90,1620,157,1553,513,3
2026-05-01,S02,P443,134,2146,197,2083,684,2
2026-05-01,S02,P501,121,0,39,82,85,4
2026-05-01,S02,P502,104,466,55,515,171,3
2026-05-01,S02,P601,186,0,47,139,128,3
2026-05-01,S02,P701,96,246,42,300,102,2
2026-05-01,S02,P702,192,520,71,641,213,4
2026-05-01,S03,P101,91,269,38,322,108,4
2026-05-01,S03,P102,109,0,12,97,32,2
2026-05-01,S03,P201,61,0,17,44,54,4
2026-05-01,S03,P205,179,0,11,168,43,4
2026-05-01,S03,P330,56,232,27,261,86,3
2026-05-01,S03,P331,129,0,24,105,64,4
2026-05-01,S03,P442,180,0,34,146,129,3
2026-05-01,S03,P443,158,418,51,525,172,2
2026-05-01,S03,P501,52,0,13,39,21,4
2026-05-01,S03,P502,76,0,17,59,43,4
2026-05-01,S03,P601,163,0,7,156,32,4
2026-05-01,S03,P701,156,0,12,144,25,4
2026-05-01,S03,P702,89,0,19,70,54,4
2026-05-01,S04,P101,57,483,60,480,162,2
2026-05-01,S04,P102,150,0,15,135,48,3
2026-05-01,S04,P201,173,0,20,153,81,1
2026-05-01,S04,P205,156,0,16,140,64,4
2026-05-01,S04,P330,150,0,36,114,129,2
2026-05-01,S04,P331,53,271,25,299,97,3
2026-05-01,S04,P442,159,489,105,543,194,4
2026-05-01,S04,P443,68,796,80,784,259,1
2026-05-01,S04,P501,81,0,8,73,32,3
2026-05-01,S04,P502,186,0,19,167,64,3
2026-05-01,S04,P601,61,0,9,52,48,2
2026-05-01,S04,P701,188,0,20,168,38,4
2026-05-01,S04,P702,95,0,20,75,81,4
2026-05-02,S01,P101,564,0,66,498,187,1
2026-05-02,S01,P102,92,0,26,66,56,3
2026-05-02,S01,P201,258,0,39,219,93,3
2026-05-02,S01,P205,211,0,30,181,75,4
2026-05-02,S01,P330,117,383,64,436,150,4
2026-05-02,S01,P331,84,291,41,334,112,2
2026-05-02,S01,P442,686,0,91,595,225,1
2026-05-02,S01,P443,907,0,118,789,300,2
2026-05-02,S01,P501,124,0,14,110,37,3
2026-05-02,S01,P502,70,180,22,228,75,3
2026-05-02,S01,P601,169,0,24,145,56,1
2026-05-02,S01,P701,60,0,16,44,45,4
2026-05-02,S01,P702,103,0,24,79,93,4
2026-05-02,S02,P101,1301,0,183,1118,427,2
2026-05-02,S02,P102,386,0,50,336,128,1
2026-05-02,S02,P201,634,0,102,532,213,2
2026-05-02,S02,P205,511,0,73,438,171,4
2026-05-02,S02,P330,1017,0,141,876,342,3
2026-05-02,S02,P331,781,0,95,686,256,4
2026-05-02,S02,P442,1553,0,212,1341,513,2
2026-05-02,S02,P443,2083,0,293,1790,684,3
2026-05-02,S02,P501,82,203,41,244,85,4
2026-05-02,S02,P502,515,0,72,443,171,2
2026-05-02,S02,P601,139,0,61,78,128,2
2026-05-02,S02,P701,300,0,53,247,102,4
2026-05-02,S02,P702,641,0,102,539,213,4
2026-05-02,S03,P101,322,0,44,278,108,2
2026-05-02,S03,P102,97,0,15,82,32,1
2026-05-02,S03,P201,44,136,21,159,54,3
2026-05-02,S03,P205,168,0,18,150,43,4
2026-05-02,S03,P330,261,0,43,218,86,4
2026-05-02,S03,P331,105,0,22,83,64,2
2026-05-02,S03,P442,146,0,80,66,129,3
2026-05-02,S03,P443,525,0,72,453,172,4
2026-05-02,S03,P501,39,0,18,21,21,2
2026-05-02,S03,P502,59,0,6,53,43,1
2026-05-02,S03,P601,156,0,11,145,32,2
2026-05-02,S03,P701,144,0,12,132,25,1
2026-05-02,S03,P702,70,0,29,41,54,3
2026-05-02,S04,P101,480,0,63,417,162,4
2026-05-02,S04,P102,135,0,23,112,48,4
2026-05-02,S04,P201,153,0,47,106,81,2
2026-05-02,S04,P205,140,0,28,112,64,3
2026-05-02,S04,P330,114,318,48,384,129,4
2026-05-02,S04,P331,299,0,37,262,97,1
2026-05-02,S04,P442,543,0,82,461,194,3
2026-05-02,S04,P443,784,0,109,675,259,4
2026-05-02,S04,P501,73,0,14,59,32,2
2026-05-02,S04,P502,167,0,19,148,64,4
2026-05-02,S04,P601,52,0,19,33,48,4
2026-05-02,S04,P701,168,0,20,148,38,2
2026-05-02,S04,P702,75,195,37,233,81,1
2026-05-03,S01,P101,498,0,93,405,187,1
2026-05-03,S01,P102,66,0,26,40,56,1
2026-05-03,S01,P201,219,0,48,171,93,2
2026-05-03,S01,P205,181,0,30,151,75,3
2026-05-03,S01,P330,436,0,59,377,150,3
2026-05-03,S01,P331,334,0,45,289,112,4
2026-05-03,S01,P442,595,0,118,477,225,1
2026-05-03,S01,P443,789,0,128,661,300,1
2026-05-03,S01,P501,110,0,15,95,37,3
2026-05-03,S01,P502,228,0,40,188,75,4
2026-05-03,S01,P601,145,0,25,120,56,2
2026-05-03,S01,P701,44,106,16,134,45,2
2026-05-03,S01,P702,79,233,44,268,93,1
2026-05-03,S02,P101,1118,0,192,926,427,1
2026-05-03,S02,P102,336,0,85,251,128,3
2026-05-03,S02,P201,532,0,80,452,213,4
2026-05-03,S02,P205,438,0,70,368,171,1
2026-05-03,S02,P330,876,0,141,735,342,2
2026-05-03,S02,P331,686,0,112,574,256,2
2026-05-03,S02,P442,1341,0,220,1121,513,1
2026-05-03,S02,P443,1790,0,312,1478,684,2
2026-05-03,S02,P501,244,0,34,210,85,1
2026-05-03,S02,P502,443,0,82,361,171,2
2026-05-03,S02,P601,78,349,80,347,128,3
2026-05-03,S02,P701,247,0,61,186,102,3
2026-05-03,S02,P702,539,0,91,448,213,1
2026-05-03,S03,P101,278,0,43,235,108,1
2026-05-03,S03,P102,82,0,9,73,32,2
2026-05-03,S03,P201,159,0,30,129,54,4
2026-05-03,S03,P205,150,0,22,128,43,4
2026-05-03,S03,P330,218,0,34,184,86,2
2026-05-03,S03,P331,83,0,26,57,64,2
2026-05-03,S03,P442,66,365,70,361,129,1
2026-05-03,S03,P443,453,0,112,341,172,4
2026-05-03,S03,P501,21,51,15,57,21,1
2026-05-03,S03,P502,53,0,16,37,43,3
2026-05-03,S03,P601,145,0,7,138,32,2
2026-05-03,S03,P701,132,0,14,118,25,2
2026-05-03,S03,P702,41,139,23,157,54,1
2026-05-03,S04,P101,417,0,62,355,162,2
2026-05-03,S04,P102,112,0,14,98,48,2
2026-05-03,S04,P201,106,0,27,79,81,2
2026-05-03,S04,P205,112,0,17,95,64,1
2026-05-03,S04,P330,384,0,74,310,129,4
2026-05-03,S04,P331,262,0,34,228,97,1
2026-05-03,S04,P442,461,0,80,381,194,3
2026-05-03,S04,P443,675,0,111,564,259,2
2026-05-03,S04,P501,59,0,14,45,32,4
2026-05-03,S04,P502,148,0,23,125,64,3
2026-05-03,S04,P601,33,129,26,136,48,3
2026-05-03,S04,P701,148,0,18,130,38,4
2026-05-03,S04,P702,233,0,34,199,81,3
2026-05-04,S01,P101,405,0,54,351,187,4
2026-05-04,S01,P102,40,147,13,174,56,1
2026-05-04,S01,P201,171,0,17,154,93,2
2026-05-04,S01,P205,151,0,20,131,75,4
2026-05-04,S01,P330,377,0,38,339,150,2
2026-05-04,S01,P331,289,0,28,261,112,4
2026-05-04,S01,P442,477,0,84,393,225,2
2026-05-04,S01,P443,661,0,97,564,300,1
2026-05-04,S01,P501,95,0,17,78,37,3
2026-05-04,S01,P502,188,0,24,164,75,1
2026-05-04,S01,P601,120,0,26,94,56,2
2026-05-04,S01,P701,134,0,11,123,45,3
2026-05-04,S01,P702,268,0,31,237,93,4
2026-05-04,S02,P101,926,0,154,772,427,1
2026-05-04,S02,P102,251,0,50,201,128,1
2026-05-04,S02,P201,452,0,64,388,213,4
2026-05-04,S02,P205,368,0,57,311,171,3
2026-05-04,S02,P330,735,0,170,565,342,4
2026-05-04,S02,P331,574,0,88,486,256,4
2026-05-04,S02,P442,1121,0,284,837,513,3
2026-05-04,S02,P443,1478,0,212,1266,684,2
2026-05-04,S02,P501,210,0,27,183,85,1
2026-05-04,S02,P502,361,0,71,290,171,2
2026-05-04,S02,P601,347,0,49,298,128,4
2026-05-04,S02,P701,186,0,34,152,102,4
2026-05-04,S02,P702,448,0,79,369,213,4
2026-05-04,S03,P101,235,0,33,202,108,1
2026-05-04,S03,P102,73,0,12,61,32,1
2026-05-04,S03,P201,129,0,17,112,54,4
2026-05-04,S03,P205,128,0,11,117,43,4
2026-05-04,S03,P330,184,0,31,153,86,3
2026-05-04,S03,P331,57,158,19,196,64,4
2026-05-04,S03,P442,361,0,40,321,129,3
2026-05-04,S03,P443,341,0,47,294,172,4
2026-05-04,S03,P501,57,0,6,51,21,2
2026-05-04,S03,P502,37,107,13,131,43,4
2026-05-04,S03,P601,138,0,21,117,32,1
2026-05-04,S03,P701,118,0,8,110,25,3
2026-05-04,S03,P702,157,0,25,132,54,2
2026-05-04,S04,P101,355,0,67,288,162,2
2026-05-04,S04,P102,98,0,12,86,48,2
2026-05-04,S04,P201,79,191,23,247,81,2
2026-05-04,S04,P205,95,0,18,77,64,2
2026-05-04,S04,P330,310,0,52,258,129,1
2026-05-04,S04,P331,228,0,51,177,97,1
2026-05-04,S04,P442,381,0,48,333,194,4
2026-05-04,S04,P443,564,0,81,483,259,2
2026-05-04,S04,P501,45,0,7,38,32,2
2026-05-04,S04,P502,125,0,13,112,64,3
2026-05-04,S04,P601,136,0,24,112,48,4
2026-05-04,S04,P701,130,0,14,116,38,2
2026-05-04,S04,P702,199,0,27,172,81,4
2026-05-05,S01,P101,351,0,64,287,187,3
2026-05-05,S01,P102,174,0,16,158,56,1
2026-05-05,S01,P201,154,0,20,134,93,2
2026-05-05,S01,P205,131,0,32,99,75,4
2026-05-05,S01,P330,339,0,85,254,150,1
2026-05-05,S01,P331,261,0,46,215,112,2
2026-05-05,S01,P442,393,0,69,324,225,3
2026-05-05,S01,P443,564,0,99,465,300,1
2026-05-05,S01,P501,78,0,16,62,37,2
2026-05-05,S01,P502,164,0,19,145,75,2
2026-05-05,S01,P601,94,0,17,77,56,4
2026-05-05,S01,P701,123,0,8,115,45,1
2026-05-05,S01,P702,237,0,27,210,93,1
2026-05-05,S02,P101,772,0,225,547,427,1
2026-05-05,S02,P102,201,0,37,164,128,2
2026-05-05,S02,P201,388,0,81,307,213,3
2026-05-05,S02,P205,311,0,53,258,171,4
2026-05-05,S02,P330,565,0,104,461,342,2
2026-05-05,S02,P331,486,0,95,391,256,3
2026-05-05,S02,P442,837,0,163,674,513,1
2026-05-05,S02,P443,1266,0,235,1031,684,1
2026-05-05,S02,P501,183,0,31,152,85,1
2026-05-05,S02,P502,290,0,50,240,171,3
2026-05-05,S02,P601,298,0,38,260,128,3
2026-05-05,S02,P701,152,0,32,120,102,3
2026-05-05,S02,P702,369,0,73,296,213,3
2026-05-05,S03,P101,202,0,32,170,108,2
2026-05-05,S03,P102,61,0,10,51,32,4
2026-05-05,S03,P201,112,0,16,96,54,1
2026-05-05,S03,P205,117,0,8,109,43,4
2026-05-05,S03,P330,153,0,40,113,86,3
2026-05-05,S03,P331,196,0,23,173,64,3
2026-05-05,S03,P442,321,0,43,278,129,3
2026-05-05,S03,P443,294,0,66,228,172,2
2026-05-05,S03,P501,51,0,7,44,21,4
2026-05-05,S03,P502,131,0,16,115,43,1
2026-05-05,S03,P601,117,0,12,105,32,1
2026-05-05,S03,P701,110,0,9,101,25,3
2026-05-05,S03,P702,132,0,17,115,54,2
2026-05-05,S04,P101,288,0,58,230,162,3
2026-05-05,S04,P102,86,0,17,69,48,2
2026-05-05,S04,P201,247,0,28,219,81,1
2026-05-05,S04,P205,77,0,22,55,64,3
2026-05-05,S04,P330,258,0,50,208,129,1
2026-05-05,S04,P331,177,0,36,141,97,3
2026-05-05,S04,P442,333,0,70,263,194,2
2026-05-05,S04,P443,483,0,93,390,259,3
2026-05-05,S04,P501,38,0,9,29,32,2
2026-05-05,S04,P502,112,0,25,87,64,4
2026-05-05,S04,P601,112,0,14,98,48,3
2026-05-05,S04,P701,116,0,16,100,38,1
2026-05-05,S04,P702,172,0,35,137,81,4
2026-05-06,S01,P101,287,0,63,224,187,3
2026-05-06,S01,P102,158,0,11,147,56,4
2026-05-06,S01,P201,134,0,38,96,93,3
2026-05-06,S01,P205,99,0,43,56,75,1
2026-05-06,S01,P330,254,0,52,202,150,1
2026-05-06,S01,P331,215,0,24,191,112,2
2026-05-06,S01,P442,324,0,63,261,225,2
2026-05-06,S01,P443,465,0,100,365,300,3
2026-05-06,S01,P501,62,0,13,49,37,2
2026-05-06,S01,P502,145,0,33,112,75,2
2026-05-06,S01,P601,77,0,12,65,56,3
2026-05-06,S01,P701,115,0,14,101,45,4
2026-05-06,S01,P702,210,0,38,172,93,1
2026-05-06,S02,P101,547,0,135,412,427,4
2026-05-06,S02,P102,164,0,45,119,128,3
2026-05-06,S02,P201,307,0,73,234,213,3
2026-05-06,S02,P205,258,0,58,200,171,3
2026-05-06,S02,P330,461,0,167,294,342,2
2026-05-06,S02,P331,391,0,85,306,256,1
2026-05-06,S02,P442,674,0,187,487,513,1
2026-05-06,S02,P443,1031,0,196,835,684,4
2026-05-06,S02,P501,152,0,29,123,85,4
2026-05-06,S02,P502,240,0,63,177,171,4
2026-05-06,S02,P601,260,0,38,222,128,2
2026-05-06,S02,P701,120,0,25,95,102,4
2026-05-06,S02,P702,296,0,67,229,213,1
2026-05-06,S03,P101,170,0,32,138,108,3
2026-05-06,S03,P102,51,0,15,36,32,4
2026-05-06,S03,P201,96,0,17,79,54,4
2026-05-06,S03,P205,109,0,11,98,43,1
2026-05-06,S03,P330,113,0,28,85,86,1
2026-05-06,S03,P331,173,0,16,157,64,2
2026-05-06,S03,P442,278,0,41,237,129,1
2026-05-06,S03,P443,228,0,48,180,172,1
2026-05-06,S03,P501,44,0,15,29,21,3
2026-05-06,S03,P502,115,0,11,104,43,1
2026-05-06,S03,P601,105,0,11,94,32,3
2026-05-06,S03,P701,101,0,9,92,25,1
2026-05-06,S03,P702,115,0,17,98,54,1
2026-05-06,S04,P101,230,0,61,169,162,3
2026-05-06,S04,P102,69,0,11,58,48,1
2026-05-06,S04,P201,219,0,25,194,81,1
2026-05-06,S04,P205,55,161,32,184,64,2
2026-05-06,S04,P330,208,0,69,139,129,2
2026-05-06,S04,P331,141,0,29,112,97,3
2026-05-06,S04,P442,263,0,67,196,194,1
2026-05-06,S04,P443,390,0,89,301,259,3
2026-05-06,S04,P501,29,79,11,97,32,1
2026-05-06,S04,P502,87,0,26,61,64,4
2026-05-06,S04,P601,98,0,22,76,48,3
2026-05-06,S04,P701,100,0,14,86,38,4
2026-05-06,S04,P702,137,0,37,100,81,4
2026-05-07,S01,P101,224,0,66,158,187,1
2026-05-07,S01,P102,147,0,13,134,56,3
2026-05-07,S01,P201,96,0,42,54,93,4
2026-05-07,S01,P205,56,194,21,229,75,4
2026-05-07,S01,P330,202,0,42,160,150,2
2026-05-07,S01,P331,191,0,43,148,112,3
2026-05-07,S01,P442,261,0,72,189,225,3
2026-05-07,S01,P443,365,0,101,264,300,3
2026-05-07,S01,P501,49,0,12,37,37,3
2026-05-07,S01,P502,112,0,20,92,75,2
2026-05-07,S01,P601,65,0,24,41,56,4
2026-05-07,S01,P701,101,0,16,85,45,2
2026-05-07,S01,P702,172,0,28,144,93,1
2026-05-07,S02,P101,412,1013,134,1291,427,2
2026-05-07,S02,P102,119,308,62,365,128,4
2026-05-07,S02,P201,234,0,75,159,213,4
2026-05-07,S02,P205,200,0,67,133,171,2
2026-05-07,S02,P330,294,846,177,963,342,4
2026-05-07,S02,P331,306,0,83,223,256,1
2026-05-07,S02,P442,487,1223,164,1546,513,1
2026-05-07,S02,P443,835,0,219,616,684,3
2026-05-07,S02,P501,123,0,29,94,85,4
2026-05-07,S02,P502,177,0,59,118,171,4
2026-05-07,S02,P601,222,0,43,179,128,2
2026-05-07,S02,P701,95,247,36,306,102,2
2026-05-07,S02,P702,229,0,76,153,213,2
2026-05-07,S03,P101,138,0,72,66,108,3
2026-05-07,S03,P102,36,0,11,25,32,4
2026-05-07,S03,P201,79,0,17,62,54,3
2026-05-07,S03,P205,98,0,16,82,43,3
2026-05-07,S03,P330,85,203,32,256,86,2
2026-05-07,S03,P331,157,0,23,134,64,1
2026-05-07,S03,P442,237,0,41,196,129,3
2026-05-07,S03,P443,180,0,63,117,172,2
2026-05-07,S03,P501,29,0,4,25,21,2
2026-05-07,S03,P502,104,0,10,94,43,2
2026-05-07,S03,P601,94,0,8,86,32,2
2026-05-07,S03,P701,92,0,9,83,25,2
2026-05-07,S03,P702,98,0,29,69,54,2
2026-05-07,S04,P101,169,0,66,103,162,2
2026-05-07,S04,P102,58,0,18,40,48,3
2026-05-07,S04,P201,194,0,29,165,81,1
2026-05-07,S04,P205,184,0,30,154,64,3
2026-05-07,S04,P330,139,0,49,90,129,1
2026-05-07,S04,P331,112,0,31,81,97,2
2026-05-07,S04,P442,196,0,67,129,194,4
2026-05-07,S04,P443,301,0,90,211,259,4
2026-05-07,S04,P501,97,0,11,86,32,2
2026-05-07,S04,P502,61,155,21,195,64,1
2026-05-07,S04,P601,76,0,10,66,48,3
2026-05-07,S04,P701,86,0,23,63,38,2
2026-05-07,S04,P702,100,0,20,80,81,1
2026-05-08,S01,P101,158,467,76,549,187,4
2026-05-08,S01,P102,134,0,12,122,56,1
2026-05-08,S01,P201,54,258,31,281,93,1
2026-05-08,S01,P205,229,0,19,210,75,1
2026-05-08,S01,P330,160,0,42,118,150,1
2026-05-08,S01,P331,148,0,32,116,112,2
2026-05-08,S01,P442,189,561,67,683,225,1
2026-05-08,S01,P443,264,736,92,908,300,4
2026-05-08,S01,P501,37,88,10,115,37,4
2026-05-08,S01,P502,92,0,29,63,75,1
2026-05-08,S01,P601,41,146,21,166,56,2
2026-05-08,S01,P701,85,0,10,75,45,4
2026-05-08,S01,P702,144,0,28,116,93,3
2026-05-08,S02,P101,1291,0,155,1136,427,3
2026-05-08,S02,P102,365,0,42,323,128,4
2026-05-08,S02,P201,159,553,64,648,213,1
2026-05-08,S02,P205,133,437,70,500,171,3
2026-05-08,S02,P330,963,0,165,798,342,2
2026-05-08,S02,P331,223,632,76,779,256,4
2026-05-08,S02,P442,1546,0,160,1386,513,4
2026-05-08,S02,P443,616,1664,238,2042,684,3
2026-05-08,S02,P501,94,0,31,63,85,1
2026-05-08,S02,P502,118,452,60,510,171,4
2026-05-08,S02,P601,179,0,42,137,128,1
2026-05-08,S02,P701,306,0,26,280,102,4
2026-05-08,S02,P702,153,559,78,634,213,2
2026-05-08,S03,P101,66,294,31,329,108,3
2026-05-08,S03,P102,25,82,13,94,32,1
2026-05-08,S03,P201,62,0,16,46,54,3
2026-05-08,S03,P205,82,0,23,59,43,3
2026-05-08,S03,P330,256,0,26,230,86,1
2026-05-08,S03,P331,134,0,30,104,64,3
2026-05-08,S03,P442,196,0,40,156,129,2
2026-05-08,S03,P443,117,459,60,516,172,4
2026-05-08,S03,P501,25,0,6,19,21,1
2026-05-08,S03,P502,94,0,15,79,43,4
2026-05-08,S03,P601,86,0,11,75,32,2
2026-05-08,S03,P701,83,0,11,72,25,2
2026-05-08,S03,P702,69,0,19,50,54,1
2026-05-08,S04,P101,103,437,49,491,162,4
2026-05-08,S04,P102,40,122,21,141,48,2
2026-05-08,S04,P201,165,0,37,128,81,1
2026-05-08,S04,P205,154,0,25,129,64,3
2026-05-08,S04,P330,90,342,43,389,129,2
2026-05-08,S04,P331,81,243,30,294,97,3
2026-05-08,S04,P442,129,519,74,574,194,1
2026-05-08,S04,P443,211,653,78,786,259,1
2026-05-08,S04,P501,86,0,19,67,32,1
2026-05-08,S04,P502,195,0,27,168,64,3
2026-05-08,S04,P601,66,0,13,53,48,4
2026-05-08,S04,P701,63,0,10,53,38,2
2026-05-08,S04,P702,80,190,33,237,81,4
2026-05-09,S01,P101,549,0,81,468,187,2
2026-05-09,S01,P102,122,0,33,89,56,2
2026-05-09,S01,P201,281,0,32,249,93,2
2026-05-09,S01,P205,210,0,34,176,75,1
2026-05-09,S01,P330,118,382,63,437,150,2
2026-05-09,S01,P331,116,0,39,77,112,1
2026-05-09,S01,P442,683,0,77,606,225,3
2026-05-09,S01,P443,908,0,122,786,300,3
2026-05-09,S01,P501,115,0,19,96,37,4
2026-05-09,S01,P502,63,187,22,228,75,4
2026-05-09,S01,P601,166,0,13,153,56,3
2026-05-09,S01,P701,75,0,23,52,45,2
2026-05-09,S01,P702,116,0,39,77,93,2
2026-05-09,S02,P101,1136,0,295,841,427,4
2026-05-09,S02,P102,323,0,59,264,128,2
2026-05-09,S02,P201,648,0,93,555,213,3
2026-05-09,S02,P205,500,0,80,420,171,1
2026-05-09,S02,P330,798,0,143,655,342,4
2026-05-09,S02,P331,779,0,111,668,256,1
2026-05-09,S02,P442,1386,0,203,1183,513,4
2026-05-09,S02,P443,2042,0,308,1734,684,4
2026-05-09,S02,P501,63,222,32,253,85,3
2026-05-09,S02,P502,510,0,103,407,171,3
2026-05-09,S02,P601,137,0,54,83,128,1
2026-05-09,S02,P701,280,0,70,210,102,3
2026-05-09,S02,P702,634,0,101,533,213,3
2026-05-09,S03,P101,329,0,52,277,108,2
2026-05-09,S03,P102,94,0,19,75,32,4
2026-05-09,S03,P201,46,134,37,143,54,1
2026-05-09,S03,P205,59,0,18,41,43,1
2026-05-09,S03,P330,230,0,40,190,86,2
2026-05-09,S03,P331,104,0,30,74,64,1
2026-05-09,S03,P442,156,0,55,101,129,4
2026-05-09,S03,P443,516,0,63,453,172,3
2026-05-09,S03,P501,19,53,9,63,21,4
2026-05-09,S03,P502,79,0,14,65,43,4
2026-05-09,S03,P601,75,0,13,62,32,1
2026-05-09,S03,P701,72,0,17,55,25,2
2026-05-09,S03,P702,50,130,24,156,54,4
2026-05-09,S04,P101,491,0,59,432,162,3
2026-05-09,S04,P102,141,0,26,115,48,4
2026-05-09,S04,P201,128,0,36,92,81,1
2026-05-09,S04,P205,129,0,30,99,64,1
2026-05-09,S04,P330,389,0,58,331,129,4
2026-05-09,S04,P331,294,0,49,245,97,1
2026-05-09,S04,P442,574,0,77,497,194,2
2026-05-09,S04,P443,786,0,84,702,259,2
2026-05-09,S04,P501,67,0,22,45,32,1
2026-05-09,S04,P502,168,0,25,143,64,2
2026-05-09,S04,P601,53,0,20,33,48,4
2026-05-09,S04,P701,53,0,16,37,38,1
2026-05-09,S04,P702,237,0,30,207,81,1
2026-05-10,S01,P101,468,0,84,384,187,1
2026-05-10,S01,P102,89,0,27,62,56,4
2026-05-10,S01,P201,249,0,33,216,93,3
2026-05-10,S01,P205,176,0,26,150,75,2
2026-05-10,S01,P330,437,0,65,372,150,3
2026-05-10,S01,P331,77,298,52,323,112,3
2026-05-10,S01,P442,606,0,91,515,225,1
2026-05-10,S01,P443,786,0,112,674,300,2
2026-05-10,S01,P501,96,0,19,77,37,1
2026-05-10,S01,P502,228,0,26,202,75,3
2026-05-10,S01,P601,153,0,40,113,56,4
2026-05-10,S01,P701,52,0,12,40,45,4
2026-05-10,S01,P702,77,235,34,278,93,4
2026-05-10,S02,P101,841,0,201,640,427,3
2026-05-10,S02,P102,264,0,43,221,128,3
2026-05-10,S02,P201,555,0,94,461,213,1
2026-05-10,S02,P205,420,0,74,346,171,3
2026-05-10,S02,P330,655,0,145,510,342,2
2026-05-10,S02,P331,668,0,110,558,256,1
2026-05-10,S02,P442,1183,0,233,950,513,1
2026-05-10,S02,P443,1734,0,286,1448,684,4
2026-05-10,S02,P501,253,0,36,217,85,4
2026-05-10,S02,P502,407,0,83,324,171,1
2026-05-10,S02,P601,83,344,57,370,128,3
2026-05-10,S02,P701,210,0,32,178,102,2
2026-05-10,S02,P702,533,0,98,435,213,2
2026-05-10,S03,P101,277,0,52,225,108,4
2026-05-10,S03,P102,75,0,18,57,32,3
2026-05-10,S03,P201,143,0,24,119,54,3
2026-05-10,S03,P205,41,103,17,127,43,2
2026-05-10,S03,P330,190,0,41,149,86,4
2026-05-10,S03,P331,74,0,36,38,64,4
2026-05-10,S03,P442,101,330,63,368,129,1
2026-05-10,S03,P443,453,0,102,351,172,1
2026-05-10,S03,P501,63,0,10,53,21,4
2026-05-10,S03,P502,65,0,25,40,43,2
2026-05-10,S03,P601,62,0,4,58,32,1
2026-05-10,S03,P701,55,0,11,44,25,2
2026-05-10,S03,P702,156,0,24,132,54,1
2026-05-10,S04,P101,432,0,71,361,162,1
2026-05-10,S04,P102,115,0,11,104,48,1
2026-05-10,S04,P201,92,0,23,69,81,2
2026-05-10,S04,P205,99,0,30,69,64,1
2026-05-10,S04,P330,331,0,62,269,129,3
2026-05-10,S04,P331,245,0,47,198,97,1
2026-05-10,S04,P442,497,0,91,406,194,2
2026-05-10,S04,P443,702,0,131,571,259,2
2026-05-10,S04,P501,45,0,27,18,32,1
2026-05-10,S04,P502,143,0,29,114,64,2
2026-05-10,S04,P601,33,129,15,147,48,3
2026-05-10,S04,P701,37,92,17,112,38,3
2026-05-10,S04,P702,207,0,24,183,81,1
2026-05-11,S01,P101,384,0,95,289,187,4
2026-05-11,S01,P102,62,0,16,46,56,4
2026-05-11,S01,P201,216,0,27,189,93,3
2026-05-11,S01,P205,150,0,32,118,75,1
2026-05-11,S01,P330,372,0,60,312,150,3
2026-05-11,S01,P331,323,0,51,272,112,3
2026-05-11,S01,P442,515,0,110,405,225,3
2026-05-11,S01,P443,674,0,101,573,300,2
2026-05-11,S01,P501,77,0,17,60,37,1
2026-05-11,S01,P502,202,0,36,166,75,4
2026-05-11,S01,P601,113,0,19,94,56,2
2026-05-11,S01,P701,40,110,18,132,45,2
2026-05-11,S01,P702,278,0,21,257,93,4
2026-05-11,S02,P101,640,0,148,492,427,2
2026-05-11,S02,P102,221,0,36,185,128,3
2026-05-11,S02,P201,461,0,60,401,213,1
2026-05-11,S02,P205,346,0,53,293,171,1
2026-05-11,S02,P330,510,0,113,397,342,3
2026-05-11,S02,P331,558,0,83,475,256,3
2026-05-11,S02,P442,950,0,272,678,513,3
2026-05-11,S02,P443,1448,0,333,1115,684,2
2026-05-11,S02,P501,217,0,27,190,85,3
2026-05-11,S02,P502,324,0,56,268,171,2
2026-05-11,S02,P601,370,0,42,328,128,2
2026-05-11,S02,P701,178,0,34,144,102,2
2026-05-11,S02,P702,435,0,87,348,213,1
2026-05-11,S03,P101,225,0,34,191,108,3
2026-05-11,S03,P102,57,0,14,43,32,2
2026-05-11,S03,P201,119,0,15,104,54,2
2026-05-11,S03,P205,127,0,12,115,43,2
2026-05-11,S03,P330,149,0,22,127,86,4
2026-05-11,S03,P331,38,177,30,185,64,2
2026-05-11,S03,P442,368,0,61,307,129,3
2026-05-11,S03,P443,351,0,62,289,172,3
2026-05-11,S03,P501,53,0,7,46,21,2
2026-05-11,S03,P502,40,104,14,130,43,3
2026-05-11,S03,P601,58,0,12,46,32,1
2026-05-11,S03,P701,44,0,14,30,25,3
2026-05-11,S03,P702,132,0,19,113,54,2
2026-05-11,S04,P101,361,0,54,307,162,3
2026-05-11,S04,P102,104,0,17,87,48,2
2026-05-11,S04,P201,69,201,28,242,81,4
2026-05-11,S04,P205,69,0,23,46,64,1
2026-05-11,S04,P330,269,0,53,216,129,1
2026-05-11,S04,P331,198,0,40,158,97,1
2026-05-11,S04,P442,406,0,75,331,194,3
2026-05-11,S04,P443,571,0,84,487,259,1
2026-05-11,S04,P501,18,90,7,101,32,2
2026-05-11,S04,P502,114,0,20,94,64,1
2026-05-11,S04,P601,147,0,11,136,48,4
2026-05-11,S04,P701,112,0,12,100,38,2
2026-05-11,S04,P702,183,0,28,155,81,1
2026-05-12,S01,P101,289,0,58,231,187,1
2026-05-12,S01,P102,46,141,22,165,56,3
2026-05-12,S01,P201,189,0,30,159,93,3
2026-05-12,S01,P205,118,0,20,98,75,2
2026-05-12,S01,P330,312,0,51,261,150,4
2026-05-12,S01,P331,272,0,38,234,112,3
2026-05-12,S01,P442,405,0,92,313,225,1
2026-05-12,S01,P443,573,0,109,464,300,1
2026-05-12,S01,P501,60,0,13,47,37,1
2026-05-12,S01,P502,166,0,24,142,75,4
2026-05-12,S01,P601,94,0,20,74,56,2
2026-05-12,S01,P701,132,0,14,118,45,2
2026-05-12,S01,P702,257,0,49,208,93,3
2026-05-12,S02,P101,492,0,202,290,427,2
2026-05-12,S02,P102,185,0,49,136,128,1
2026-05-12,S02,P201,401,0,60,341,213,1
2026-05-12,S02,P205,293,0,53,240,171,4
2026-05-12,S02,P330,397,0,132,265,342,4
2026-05-12,S02,P331,475,0,96,379,256,3
2026-05-12,S02,P442,678,0,183,495,513,2
2026-05-12,S02,P443,1115,0,231,884,684,4
2026-05-12,S02,P501,190,0,38,152,85,1
2026-05-12,S02,P502,268,0,90,178,171,3
2026-05-12,S02,P601,328,0,52,276,128,3
2026-05-12,S02,P701,144,0,30,114,102,4
2026-05-12,S02,P702,348,0,82,266,213,1
2026-05-12,S03,P101,191,0,39,152,108,2
2026-05-12,S03,P102,43,0,11,32,32,3
2026-05-12,S03,P201,104,0,16,88,54,3
2026-05-12,S03,P205,115,0,14,101,43,1
2026-05-12,S03,P330,127,0,31,96,86,3
2026-05-12,S03,P331,185,0,12,173,64,3
2026-05-12,S03,P442,307,0,44,263,129,4
2026-05-12,S03,P443,289,0,78,211,172,4
2026-05-12,S03,P501,46,0,7,39,21,3
2026-05-12,S03,P502,130,0,14,116,43,4
2026-05-12,S03,P601,46,0,11,35,32,2
2026-05-12,S03,P701,30,0,9,21,25,3
2026-05-12,S03,P702,113,0,22,91,54,4
2026-05-12,S04,P101,307,0,49,258,162,3
2026-05-12,S04,P102,87,0,18,69,48,4
2026-05-12,S04,P201,242,0,27,215,81,4
2026-05-12,S04,P205,46,170,22,194,64,2
2026-05-12,S04,P330,216,0,53,163,129,4
2026-05-12,S04,P331,158,0,39,119,97,1
2026-05-12,S04,P442,331,0,57,274,194,3
2026-05-12,S04,P443,487,0,79,408,259,4
2026-05-12,S04,P501,101,0,12,89,32,1
2026-05-12,S04,P502,94,0,24,70,64,4
2026-05-12,S04,P601,136,0,13,123,48,2
2026-05-12,S04,P701,100,0,11,89,38,1
2026-05-12,S04,P702,155,0,30,125,81,4
2026-05-13,S01,P101,231,0,56,175,187,3
2026-05-13,S01,P102,165,0,17,148,56,4
2026-05-13,S01,P201,159,0,39,120,93,4
2026-05-13,S01,P205,98,0,20,78,75,3
2026-05-13,S01,P330,261,0,50,211,150,4
2026-05-13,S01,P331,234,0,41,193,112,2
2026-05-13,S01,P442,313,0,99,214,225,2
2026-05-13,S01,P443,464,0,109,355,300,3
2026-05-13,S01,P501,47,0,12,35,37,1
2026-05-13,S01,P502,142,0,23,119,75,4
2026-05-13,S01,P601,74,0,16,58,56,1
2026-05-13,S01,P701,118,0,11,107,45,1
2026-05-13,S01,P702,208,0,34,174,93,3
2026-05-13,S02,P101,290,1135,139,1286,427,3
2026-05-13,S02,P102,136,0,44,92,128,4
2026-05-13,S02,P201,341,0,92,249,213,4
2026-05-13,S02,P205,240,0,62,178,171,3
2026-05-13,S02,P330,265,875,122,1018,342,2
2026-05-13,S02,P331,379,0,82,297,256,3
2026-05-13,S02,P442,495,1215,184,1526,513,2
2026-05-13,S02,P443,884,0,222,662,684,4
2026-05-13,S02,P501,152,0,34,118,85,2
2026-05-13,S02,P502,178,0,39,139,171,3
2026-05-13,S02,P601,276,0,38,238,128,2
2026-05-13,S02,P701,114,0,67,47,102,2
2026-05-13,S02,P702,266,0,62,204,213,2
2026-05-13,S03,P101,152,0,38,114,108,4
2026-05-13,S03,P102,32,75,11,96,32,2
2026-05-13,S03,P201,88,0,19,69,54,3
2026-05-13,S03,P205,101,0,9,92,43,4
2026-05-13,S03,P330,96,0,33,63,86,2
2026-05-13,S03,P331,173,0,37,136,64,2
2026-05-13,S03,P442,263,0,50,213,129,1
2026-05-13,S03,P443,211,0,59,152,172,3
2026-05-13,S03,P501,39,0,9,30,21,4
2026-05-13,S03,P502,116,0,14,102,43,1
2026-05-13,S03,P601,35,0,8,27,32,1
2026-05-13,S03,P701,21,65,10,76,25,4
2026-05-13,S03,P702,91,0,22,69,54,3
2026-05-13,S04,P101,258,0,49,209,162,1
2026-05-13,S04,P102,69,0,13,56,48,4
2026-05-13,S04,P201,215,0,29,186,81,4
2026-05-13,S04,P205,194,0,23,171,64,3
2026-05-13,S04,P330,163,0,55,108,129,2
2026-05-13,S04,P331,119,0,40,79,97,1
2026-05-13,S04,P442,274,0,58,216,194,1
2026-05-13,S04,P443,408,0,82,326,259,4
2026-05-13,S04,P501,89,0,12,77,32,2
2026-05-13,S04,P502,70,0,20,50,64,4
2026-05-13,S04,P601,123,0,19,104,48,2
2026-05-13,S04,P701,89,0,15,74,38,3
2026-05-13,S04,P702,125,0,23,102,81,3
2026-05-14,S01,P101,175,450,90,535,187,4
2026-05-14,S01,P102,148,0,17,131,56,1
2026-05-14,S01,P201,120,0,32,88,93,4
2026-05-14,S01,P205,78,0,23,55,75,2
2026-05-14,S01,P330,211,0,55,156,150,1
2026-05-14,S01,P331,193,0,38,155,112,4
2026-05-14,S01,P442,214,536,81,669,225,4
2026-05-14,S01,P443,355,0,99,256,300,4
2026-05-14,S01,P501,35,90,16,109,37,4
2026-05-14,S01,P502,119,0,35,84,75,1
2026-05-14,S01,P601,58,0,29,29,56,4
2026-05-14,S01,P701,107,0,15,92,45,4
2026-05-14,S01,P702,174,0,32,142,93,4
2026-05-14,S02,P101,1286,0,120,1166,427,1
2026-05-14,S02,P102,92,335,39,388,128,3
2026-05-14,S02,P201,249,0,76,173,213,3
2026-05-14,S02,P205,178,0,62,116,171,4
2026-05-14,S02,P330,1018,0,93,925,342,3
2026-05-14,S02,P331,297,0,76,221,256,3
2026-05-14,S02,P442,1526,0,168,1358,513,3
2026-05-14,S02,P443,662,1618,216,2064,684,4
2026-05-14,S02,P501,118,0,21,97,85,4
2026-05-14,S02,P502,139,431,45,525,171,2
2026-05-14,S02,P601,238,0,40,198,128,3
2026-05-14,S02,P701,47,295,41,301,102,4
2026-05-14,S02,P702,204,508,80,632,213,2
2026-05-14,S03,P101,114,0,33,81,108,1
2026-05-14,S03,P102,96,0,20,76,32,3
2026-05-14,S03,P201,69,0,16,53,54,3
2026-05-14,S03,P205,92,0,10,82,43,1
2026-05-14,S03,P330,63,225,48,240,86,2
2026-05-14,S03,P331,136,0,15,121,64,1
2026-05-14,S03,P442,213,0,32,181,129,2
2026-05-14,S03,P443,152,424,42,534,172,4
2026-05-14,S03,P501,30,0,14,16,21,1
2026-05-14,S03,P502,102,0,6,96,43,1
2026-05-14,S03,P601,27,80,13,94,32,4
2026-05-14,S03,P701,76,0,7,69,25,3
2026-05-14,S03,P702,69,0,11,58,54,1
2026-05-14,S04,P101,209,0,58,151,162,2
2026-05-14,S04,P102,56,0,13,43,48,3
2026-05-14,S04,P201,186,0,33,153,81,1
2026-05-14,S04,P205,171,0,24,147,64,1
2026-05-14,S04,P330,108,324,38,394,129,4
2026-05-14,S04,P331,79,245,36,288,97,2
2026-05-14,S04,P442,216,0,111,105,194,1
2026-05-14,S04,P443,326,0,81,245,259,1
2026-05-14,S04,P501,77,0,17,60,32,2
2026-05-14,S04,P502,50,166,27,189,64,3
2026-05-14,S04,P601,104,0,20,84,48,3
2026-05-14,S04,P701,74,0,7,67,38,4
2026-05-14,S04,P702,102,0,23,79,81,1
2026-05-15,S01,P101,535,0,64,471,187,2
2026-05-15,S01,P102,131,0,24,107,56,4
2026-05-15,S01,P201,88,224,31,281,93,1
2026-05-15,S01,P205,55,195,22,228,75,4
2026-05-15,S01,P330,156,0,41,115,150,3
2026-05-15,S01,P331,155,0,41,114,112,4
2026-05-15,S01,P442,669,0,86,583,225,2
2026-05-15,S01,P443,256,744,102,898,300,3
2026-05-15,S01,P501,109,0,11,98,37,3
2026-05-15,S01,P502,84,0,38,46,75,3
2026-05-15,S01,P601,29,158,14,173,56,3
2026-05-15,S01,P701,92,0,17,75,45,1
2026-05-15,S01,P702,142,0,21,121,93,4
2026-05-15,S02,P101,1166,0,125,1041,427,2
2026-05-15,S02,P102,388,0,39,349,128,2
2026-05-15,S02,P201,173,539,79,633,213,2
2026-05-15,S02,P205,116,454,58,512,171,4
2026-05-15,S02,P330,925,0,104,821,342,1
2026-05-15,S02,P331,221,634,104,751,256,4
2026-05-15,S02,P442,1358,0,187,1171,513,3
2026-05-15,S02,P443,2064,0,212,1852,684,3
2026-05-15,S02,P501,97,0,36,61,85,2
2026-05-15,S02,P502,525,0,65,460,171,2
2026-05-15,S02,P601,198,0,57,141,128,2
2026-05-15,S02,P701,301,0,26,275,102,2
2026-05-15,S02,P702,632,0,54,578,213,2
2026-05-15,S03,P101,81,279,35,325,108,3
2026-05-15,S03,P102,76,0,17,59,32,1
2026-05-15,S03,P201,53,127,28,152,54,4
2026-05-15,S03,P205,82,0,24,58,43,3
2026-05-15,S03,P330,240,0,33,207,86,1
2026-05-15,S03,P331,121,0,23,98,64,2
2026-05-15,S03,P442,181,0,44,137,129,2
2026-05-15,S03,P443,534,0,108,426,172,1
2026-05-15,S03,P501,16,56,9,63,21,3
2026-05-15,S03,P502,96,0,7,89,43,4
2026-05-15,S03,P601,94,0,13,81,32,2
2026-05-15,S03,P701,69,0,9,60,25,3
2026-05-15,S03,P702,58,0,18,40,54,4
2026-05-15,S04,P101,151,389,65,475,162,1
2026-05-15,S04,P102,43,119,12,150,48,2
2026-05-15,S04,P201,153,0,25,128,81,1
2026-05-15,S04,P205,147,0,16,131,64,3
2026-05-15,S04,P330,394,0,49,345,129,4
2026-05-15,S04,P331,288,0,38,250,97,3
2026-05-15,S04,P442,105,543,58,590,194,1
2026-05-15,S04,P443,245,619,86,778,259,1
2026-05-15,S04,P501,60,0,12,48,32,3
2026-05-15,S04,P502,189,0,26,163,64,3
2026-05-15,S04,P601,84,0,10,74,48,2
2026-05-15,S04,P701,67,0,16,51,38,1
2026-05-15,S04,P702,79,191,26,244,81,1
2026-05-16,S01,P101,471,0,106,365,187,4
2026-05-16,S01,P102,107,0,39,68,56,1
2026-05-16,S01,P201,281,0,34,247,93,3
2026-05-16,S01,P205,228,0,33,195,75,3
2026-05-16,S01,P330,115,385,53,447,150,3
2026-05-16,S01,P331,114,0,48,66,112,4
2026-05-16,S01,P442,583,0,76,507,225,3
2026-05-16,S01,P443,898,0,116,782,300,4
2026-05-16,S01,P501,98,0,14,84,37,1
2026-05-16,S01,P502,46,204,39,211,75,4
2026-05-16,S01,P601,173,0,17,156,56,4
2026-05-16,S01,P701,75,0,15,60,45,3
2026-05-16,S01,P702,121,0,47,74,93,1
2026-05-16,S02,P101,1041,0,187,854,427,3
2026-05-16,S02,P102,349,0,53,296,128,2
2026-05-16,S02,P201,633,0,85,548,213,4
2026-05-16,S02,P205,512,0,67,445,171,3
2026-05-16,S02,P330,821,0,154,667,342,3
2026-05-16,S02,P331,751,0,101,650,256,1
2026-05-16,S02,P442,1171,0,210,961,513,2
2026-05-16,S02,P443,1852,0,317,1535,684,1
2026-05-16,S02,P501,61,224,35,250,85,3
2026-05-16,S02,P502,460,0,79,381,171,4
2026-05-16,S02,P601,141,0,47,94,128,1
2026-05-16,S02,P701,275,0,47,228,102,3
2026-05-16,S02,P702,578,0,99,479,213,3
2026-05-16,S03,P101,325,0,70,255,108,4
2026-05-16,S03,P102,59,0,13,46,32,4
2026-05-16,S03,P201,152,0,21,131,54,1
2026-05-16,S03,P205,58,0,18,40,43,2
2026-05-16,S03,P330,207,0,36,171,86,3
2026-05-16,S03,P331,98,0,42,56,64,2
2026-05-16,S03,P442,137,0,88,49,129,4
2026-05-16,S03,P443,426,0,81,345,172,3
2026-05-16,S03,P501,63,0,11,52,21,3
2026-05-16,S03,P502,89,0,19,70,43,3
2026-05-16,S03,P601,81,0,22,59,32,2
2026-05-16,S03,P701,60,0,16,44,25,4
2026-05-16,S03,P702,40,140,24,156,54,2
2026-05-16,S04,P101,475,0,60,415,162,4
2026-05-16,S04,P102,150,0,16,134,48,4
2026-05-16,S04,P201,128,0,38,90,81,2
2026-05-16,S04,P205,131,0,27,104,64,4
2026-05-16,S04,P330,345,0,59,286,129,3
2026-05-16,S04,P331,250,0,44,206,97,4
2026-05-16,S04,P442,590,0,79,511,194,1
2026-05-16,S04,P443,778,0,112,666,259,4
2026-05-16,S04,P501,48,0,9,39,32,4
2026-05-16,S04,P502,163,0,30,133,64,4
2026-05-16,S04,P601,74,0,28,46,48,2
2026-05-16,S04,P701,51,0,19,32,38,4
2026-05-16,S04,P702,244,0,43,201,81,4
2026-05-17,S01,P101,365,0,110,255,187,1
2026-05-17,S01,P102,68,0,27,41,56,1
2026-05-17,S01,P201,247,0,36,211,93,4
2026-05-17,S01,P205,195,0,35,160,75,4
2026-05-17,S01,P330,447,0,102,345,150,2
2026-05-17,S01,P331,66,309,52,323,112,2
2026-05-17,S01,P442,507,0,92,415,225,2
2026-05-17,S01,P443,782,0,100,682,300,3
2026-05-17,S01,P501,84,0,15,69,37,3
2026-05-17,S01,P502,211,0,33,178,75,4
2026-05-17,S01,P601,156,0,18,138,56,3
2026-05-17,S01,P701,60,0,18,42,45,1
2026-05-17,S01,P702,74,238,46,266,93,1
2026-05-17,S02,P101,854,0,171,683,427,3
2026-05-17,S02,P102,296,0,46,250,128,2
2026-05-17,S02,P201,548,0,98,450,213,1
2026-05-17,S02,P205,445,0,63,382,171,3
2026-05-17,S02,P330,667,0,152,515,342,4
2026-05-17,S02,P331,650,0,195,455,256,3
2026-05-17,S02,P442,961,0,224,737,513,3
2026-05-17,S02,P443,1535,0,316,1219,684,3
2026-05-17,S02,P501,250,0,23,227,85,2
2026-05-17,S02,P502,381,0,69,312,171,2
2026-05-17,S02,P601,94,333,78,349,128,4
2026-05-17,S02,P701,228,0,50,178,102,1
2026-05-17,S02,P702,479,0,82,397,213,3
2026-05-17,S03,P101,255,0,76,179,108,4
2026-05-17,S03,P102,46,0,14,32,32,1
2026-05-17,S03,P201,131,0,21,110,54,4
2026-05-17,S03,P205,40,104,21,123,43,1
2026-05-17,S03,P330,171,0,30,141,86,3
2026-05-17,S03,P331,56,159,26,189,64,1
2026-05-17,S03,P442,49,382,59,372,129,3
2026-05-17,S03,P443,345,0,75,270,172,4
2026-05-17,S03,P501,52,0,14,38,21,1
2026-05-17,S03,P502,70,0,22,48,43,1
2026-05-17,S03,P601,59,0,21,38,32,1
2026-05-17,S03,P701,44,0,7,37,25,4
2026-05-17,S03,P702,156,0,23,133,54,1
2026-05-17,S04,P101,415,0,65,350,162,4
2026-05-17,S04,P102,134,0,23,111,48,2
2026-05-17,S04,P201,90,0,30,60,81,2
2026-05-17,S04,P205,104,0,29,75,64,1
2026-05-17,S04,P330,286,0,52,234,129,4
2026-05-17,S04,P331,206,0,49,157,97,1
2026-05-17,S04,P442,511,0,122,389,194,1
2026-05-17,S04,P443,666,0,116,550,259,4
2026-05-17,S04,P501,39,0,10,29,32,4
2026-05-17,S04,P502,133,0,32,101,64,2
2026-05-17,S04,P601,46,116,24,138,48,3
2026-05-17,S04,P701,32,97,18,111,38,1
2026-05-17,S04,P702,201,0,50,151,81,1
2026-05-18,S01,P101,255,0,51,204,187,4
2026-05-18,S01,P102,41,146,15,172,56,2
2026-05-18,S01,P201,211,0,32,179,93,1
2026-05-18,S01,P205,160,0,30,130,75,2
2026-05-18,S01,P330,345,0,42,303,150,4
2026-05-18,S01,P331,323,0,46,277,112,4
2026-05-18,S01,P442,415,0,79,336,225,1
2026-05-18,S01,P443,682,0,87,595,300,4
2026-05-18,S01,P501,69,0,13,56,37,2
2026-05-18,S01,P502,178,0,16,162,75,2
2026-05-18,S01,P601,138,0,24,114,56,4
2026-05-18,S01,P701,42,108,18,132,45,2
2026-05-18,S01,P702,266,0,50,216,93,3
2026-05-18,S02,P101,683,0,153,530,427,2
2026-05-18,S02,P102,250,0,44,206,128,4
2026-05-18,S02,P201,450,0,87,363,213,3
2026-05-18,S02,P205,382,0,64,318,171,1
2026-05-18,S02,P330,515,0,94,421,342,1
2026-05-18,S02,P331,455,0,80,375,256,4
2026-05-18,S02,P442,737,0,162,575,513,2
2026-05-18,S02,P443,1219,0,231,988,684,2
2026-05-18,S02,P501,227,0,31,196,85,3
2026-05-18,S02,P502,312,0,97,215,171,2
2026-05-18,S02,P601,349,0,48,301,128,4
2026-05-18,S02,P701,178,0,41,137,102,4
2026-05-18,S02,P702,397,0,76,321,213,4
2026-05-18,S03,P101,179,0,47,132,108,4
2026-05-18,S03,P102,32,75,11,96,32,1
2026-05-18,S03,P201,110,0,23,87,54,3
2026-05-18,S03,P205,123,0,19,104,43,2
2026-05-18,S03,P330,141,0,24,117,86,1
2026-05-18,S03,P331,189,0,16,173,64,4
2026-05-18,S03,P442,372,0,44,328,129,3
2026-05-18,S03,P443,270,0,53,217,172,1
2026-05-18,S03,P501,38,0,7,31,21,4
2026-05-18,S03,P502,48,0,11,37,43,2
2026-05-18,S03,P601,38,0,8,30,32,2
2026-05-18,S03,P701,37,0,9,28,25,1
2026-05-18,S03,P702,133,0,17,116,54,2
2026-05-18,S04,P101,350,0,98,252,162,4
2026-05-18,S04,P102,111,0,14,97,48,2
2026-05-18,S04,P201,60,210,23,247,81,2
2026-05-18,S04,P205,75,0,34,41,64,2
2026-05-18,S04,P330,234,0,51,183,129,1
2026-05-18,S04,P331,157,0,41,116,97,1
2026-05-18,S04,P442,389,0,50,339,194,2
2026-05-18,S04,P443,550,0,89,461,259,1
2026-05-18,S04,P501,29,79,17,91,32,4
2026-05-18,S04,P502,101,0,11,90,64,1
2026-05-18,S04,P601,138,0,19,119,48,1
2026-05-18,S04,P701,111,0,11,100,38,1
2026-05-18,S04,P702,151,0,32,119,81,3
2026-05-19,S01,P101,204,0,66,138,187,4
2026-05-19,S01,P102,172,0,18,154,56,3
2026-05-19,S01,P201,179,0,32,147,93,1
2026-05-19,S01,P205,130,0,22,108,75,2
2026-05-19,S01,P330,303,0,45,258,150,2
2026-05-19,S01,P331,277,0,32,245,112,3
2026-05-19,S01,P442,336,0,86,250,225,2
2026-05-19,S01,P443,595,0,120,475,300,1
2026-05-19,S01,P501,56,0,16,40,37,4
2026-05-19,S01,P502,162,0,33,129,75,3
2026-05-19,S01,P601,114,0,14,100,56,4
2026-05-19,S01,P701,132,0,16,116,45,1
2026-05-19,S01,P702,216,0,44,172,93,2
2026-05-19,S02,P101,530,0,160,370,427,2
2026-05-19,S02,P102,206,0,35,171,128,4
2026-05-19,S02,P201,363,0,74,289,213,4
2026-05-19,S02,P205,318,0,59,259,171,2
2026-05-19,S02,P330,421,0,106,315,342,3
2026-05-19,S02,P331,375,0,87,288,256,3
2026-05-19,S02,P442,575,0,189,386,513,3
2026-05-19,S02,P443,988,0,209,779,684,1
2026-05-19,S02,P501,196,0,29,167,85,4
2026-05-19,S02,P502,215,0,62,153,171,3
2026-05-19,S02,P601,301,0,75,226,128,1
2026-05-19,S02,P701,137,0,41,96,102,4
2026-05-19,S02,P702,321,0,82,239,213,4
2026-05-19,S03,P101,132,0,28,104,108,3
2026-05-19,S03,P102,96,0,7,89,32,3
2026-05-19,S03,P201,87,0,24,63,54,4
2026-05-19,S03,P205,104,0,13,91,43,1
2026-05-19,S03,P330,117,0,27,90,86,2
2026-05-19,S03,P331,173,0,22,151,64,4
2026-05-19,S03,P442,328,0,78,250,129,2
2026-05-19,S03,P443,217,0,62,155,172,4
2026-05-19,S03,P501,31,0,3,28,21,4
2026-05-19,S03,P502,37,107,13,131,43,3
2026-05-19,S03,P601,30,77,14,93,32,3
2026-05-19,S03,P701,28,0,10,18,25,2
2026-05-19,S03,P702,116,0,15,101,54,1
2026-05-19,S04,P101,252,0,49,203,162,1
2026-05-19,S04,P102,97,0,25,72,48,2
2026-05-19,S04,P201,247,0,37,210,81,4
2026-05-19,S04,P205,41,175,42,174,64,4
2026-05-19,S04,P330,183,0,41,142,129,3
2026-05-19,S04,P331,116,0,49,67,97,2
2026-05-19,S04,P442,339,0,57,282,194,2
2026-05-19,S04,P443,461,0,127,334,259,3
2026-05-19,S04,P501,91,0,14,77,32,2
2026-05-19,S04,P502,90,0,21,69,64,1
2026-05-19,S04,P601,119,0,16,103,48,3
2026-05-19,S04,P701,100,0,13,87,38,1
2026-05-19,S04,P702,119,0,49,70,81,2
2026-05-20,S01,P101,138,487,57,568,187,3
2026-05-20,S01,P102,154,0,23,131,56,2
2026-05-20,S01,P201,147,0,53,94,93,3
2026-05-20,S01,P205,108,0,25,83,75,3
2026-05-20,S01,P330,258,0,50,208,150,2
2026-05-20,S01,P331,245,0,29,216,112,4
2026-05-20,S01,P442,250,0,109,141,225,2
2026-05-20,S01,P443,475,0,87,388,300,2
2026-05-20,S01,P501,40,0,15,25,37,4
2026-05-20,S01,P502,129,0,35,94,75,3
2026-05-20,S01,P601,100,0,13,87,56,3
2026-05-20,S01,P701,116,0,17,99,45,3
2026-05-20,S01,P702,172,0,28,144,93,2
2026-05-20,S02,P101,370,1055,151,1274,427,1
2026-05-20,S02,P102,171,0,46,125,128,1
2026-05-20,S02,P201,289,0,68,221,213,2
2026-05-20,S02,P205,259,0,51,208,171,4
2026-05-20,S02,P330,315,825,113,1027,342,4
2026-05-20,S02,P331,288,0,102,186,256,2
2026-05-20,S02,P442,386,1324,177,1533,513,4
2026-05-20,S02,P443,779,0,225,554,684,1
2026-05-20,S02,P501,167,0,34,133,85,2
2026-05-20,S02,P502,153,417,58,512,171,1
2026-05-20,S02,P601,226,0,46,180,128,1
2026-05-20,S02,P701,96,246,37,305,102,1
2026-05-20,S02,P702,239,0,73,166,213,3
2026-05-20,S03,P101,104,256,55,305,108,1
2026-05-20,S03,P102,89,0,15,74,32,3
2026-05-20,S03,P201,63,0,17,46,54,3
2026-05-20,S03,P205,91,0,13,78,43,2
2026-05-20,S03,P330,90,0,36,54,86,3
2026-05-20,S03,P331,151,0,13,138,64,1
2026-05-20,S03,P442,250,0,43,207,129,2
2026-05-20,S03,P443,155,421,63,513,172,2
2026-05-20,S03,P501,28,0,8,20,21,2
2026-05-20,S03,P502,131,0,10,121,43,2
2026-05-20,S03,P601,93,0,16,77,32,4
2026-05-20,S03,P701,18,68,9,77,25,2
2026-05-20,S03,P702,101,0,19,82,54,4
2026-05-20,S04,P101,203,0,56,147,162,3
2026-05-20,S04,P102,72,0,7,65,48,3
2026-05-20,S04,P201,210,0,29,181,81,3
2026-05-20,S04,P205,174,0,14,160,64,2
2026-05-20,S04,P330,142,0,39,103,129,4
2026-05-20,S04,P331,67,257,26,298,97,4
2026-05-20,S04,P442,282,0,49,233,194,4
2026-05-20,S04,P443,334,0,70,264,259,1
2026-05-20,S04,P501,77,0,17,60,32,1
2026-05-20,S04,P502,69,0,27,42,64,3
2026-05-20,S04,P601,103,0,10,93,48,3
2026-05-20,S04,P701,87,0,18,69,38,3
2026-05-20,S04,P702,70,200,33,237,81,1
2026-05-21,S01,P101,568,0,53,515,187,3
2026-05-21,S01,P102,131,0,18,113,56,3
2026-05-21,S01,P201,94,0,42,52,93,2
2026-05-21,S01,P205,83,0,30,53,75,1
2026-05-21,S01,P330,208,0,43,165,150,4
2026-05-21,S01,P331,216,0,27,189,112,1
2026-05-21,S01,P442,141,609,78,672,225,4
2026-05-21,S01,P443,388,0,103,285,300,3
2026-05-21,S01,P501,25,100,6,119,37,4
2026-05-21,S01,P502,94,0,22,72,75,4
2026-05-21,S01,P601,87,0,17,70,56,3
2026-05-21,S01,P701,99,0,17,82,45,2
2026-05-21,S01,P702,144,0,35,109,93,3
2026-05-21,S02,P101,1274,0,145,1129,427,2
2026-05-21,S02,P102,125,302,43,384,128,3
2026-05-21,S02,P201,221,0,63,158,213,1
2026-05-21,S02,P205,208,0,106,102,171,1
2026-05-21,S02,P330,1027,0,109,918,342,3
2026-05-21,S02,P331,186,669,87,768,256,2
2026-05-21,S02,P442,1533,0,185,1348,513,4
2026-05-21,S02,P443,554,1726,212,2068,684,3
2026-05-21,S02,P501,133,0,30,103,85,3
2026-05-21,S02,P502,512,0,61,451,171,3
2026-05-21,S02,P601,180,0,49,131,128,3
2026-05-21,S02,P701,305,0,36,269,102,1
2026-05-21,S02,P702,166,546,76,636,213,1
2026-05-21,S03,P101,305,0,43,262,108,4
2026-05-21,S03,P102,74,0,12,62,32,4
2026-05-21,S03,P201,46,134,17,163,54,2
2026-05-21,S03,P205,78,0,18,60,43,4
2026-05-21,S03,P330,54,234,27,261,86,1
2026-05-21,S03,P331,138,0,22,116,64,4
2026-05-21,S03,P442,207,0,47,160,129,2
2026-05-21,S03,P443,513,0,60,453,172,1
2026-05-21,S03,P501,20,52,6,66,21,3
2026-05-21,S03,P502,121,0,18,103,43,1
2026-05-21,S03,P601,77,0,9,68,32,2
2026-05-21,S03,P701,77,0,13,64,25,2
2026-05-21,S03,P702,82,0,18,64,54,3
2026-05-21,S04,P101,147,393,51,489,162,4
2026-05-21,S04,P102,65,0,15,50,48,1
2026-05-21,S04,P201,181,0,22,159,81,3
2026-05-21,S04,P205,160,0,21,139,64,2
2026-05-21,S04,P330,103,329,36,396,129,3
2026-05-21,S04,P331,298,0,35,263,97,3
2026-05-21,S04,P442,233,0,68,165,194,1
2026-05-21,S04,P443,264,0,127,137,259,2
2026-05-21,S04,P501,60,0,13,47,32,1
2026-05-21,S04,P502,42,174,22,194,64,4
2026-05-21,S04,P601,93,0,16,77,48,4
2026-05-21,S04,P701,69,0,12,57,38,4
2026-05-21,S04,P702,237,0,32,205,81,1
2026-05-22,S01,P101,515,0,65,450,187,2
2026-05-22,S01,P102,113,0,21,92,56,1
2026-05-22,S01,P201,52,260,43,269,93,3
2026-05-22,S01,P205,53,197,24,226,75,2
2026-05-22,S01,P330,165,0,54,111,150,3
2026-05-22,S01,P331,189,0,40,149,112,3
2026-05-22,S01,P442,672,0,80,592,225,4
2026-05-22,S01,P443,285,715,91,909,300,1
2026-05-22,S01,P501,119,0,16,103,37,1
2026-05-22,S01,P502,72,178,24,226,75,2
2026-05-22,S01,P601,70,0,14,56,56,4
2026-05-22,S01,P701,82,0,25,57,45,1
2026-05-22,S01,P702,109,0,52,57,93,3
2026-05-22,S02,P101,1129,0,153,976,427,1
2026-05-22,S02,P102,384,0,73,311,128,2
2026-05-22,S02,P201,158,554,68,644,213,3
2026-05-22,S02,P205,102,468,55,515,171,1
2026-05-22,S02,P330,918,0,115,803,342,3
2026-05-22,S02,P331,768,0,88,680,256,2
2026-05-22,S02,P442,1348,0,191,1157,513,3
2026-05-22,S02,P443,2068,0,237,1831,684,2
2026-05-22,S02,P501,103,0,25,78,85,1
2026-05-22,S02,P502,451,0,60,391,171,4
2026-05-22,S02,P601,131,0,37,94,128,4
2026-05-22,S02,P701,269,0,37,232,102,4
2026-05-22,S02,P702,636,0,94,542,213,3
2026-05-22,S03,P101,262,0,34,228,108,3
2026-05-22,S03,P102,62,0,7,55,32,1
2026-05-22,S03,P201,163,0,17,146,54,4
2026-05-22,S03,P205,60,0,16,44,43,1
2026-05-22,S03,P330,261,0,30,231,86,1
2026-05-22,S03,P331,116,0,20,96,64,4
2026-05-22,S03,P442,160,0,50,110,129,3
2026-05-22,S03,P443,453,0,49,404,172,4
2026-05-22,S03,P501,66,0,10,56,21,2
2026-05-22,S03,P502,103,0,14,89,43,4
2026-05-22,S03,P601,68,0,5,63,32,1
2026-05-22,S03,P701,64,0,7,57,25,1
2026-05-22,S03,P702,64,0,22,42,54,1
2026-05-22,S04,P101,489,0,49,440,162,1
2026-05-22,S04,P102,50,0,16,34,48,1
2026-05-22,S04,P201,159,0,23,136,81,3
2026-05-22,S04,P205,139,0,22,117,64,2
2026-05-22,S04,P330,396,0,50,346,129,1
2026-05-22,S04,P331,263,0,26,237,97,1
2026-05-22,S04,P442,165,483,56,592,194,2
2026-05-22,S04,P443,137,727,91,773,259,2
2026-05-22,S04,P501,47,0,12,35,32,4
2026-05-22,S04,P502,194,0,18,176,64,2
2026-05-22,S04,P601,77,0,34,43,48,4
2026-05-22,S04,P701,57,0,4,53,38,3
2026-05-22,S04,P702,205,0,31,174,81,4
2026-05-23,S01,P101,450,0,93,357,187,2
2026-05-23,S01,P102,92,0,33,59,56,2
2026-05-23,S01,P201,269,0,35,234,93,1
2026-05-23,S01,P205,226,0,32,194,75,2
2026-05-23,S01,P330,111,389,61,439,150,1
2026-05-23,S01,P331,149,0,57,92,112,4
2026-05-23,S01,P442,592,0,105,487,225,4
2026-05-23,S01,P443,909,0,209,700,300,2
2026-05-23,S01,P501,103,0,33,70,37,3
2026-05-23,S01,P502,226,0,43,183,75,3
2026-05-23,S01,P601,56,131,24,163,56,2
2026-05-23,S01,P701,57,0,17,40,45,3
2026-05-23,S01,P702,57,255,49,263,93,3
2026-05-23,S02,P101,976,0,173,803,427,2
2026-05-23,S02,P102,311,0,66,245,128,3
2026-05-23,S02,P201,644,0,83,561,213,3
2026-05-23,S02,P205,515,0,71,444,171,4
2026-05-23,S02,P330,803,0,156,647,342,2
2026-05-23,S02,P331,680,0,119,561,256,1
2026-05-23,S02,P442,1157,0,206,951,513,3
2026-05-23,S02,P443,1831,0,308,1523,684,4
2026-05-23,S02,P501,78,207,40,245,85,2
2026-05-23,S02,P502,391,0,72,319,171,4
2026-05-23,S02,P601,94,333,63,364,128,3
2026-05-23,S02,P701,232,0,72,160,102,3
2026-05-23,S02,P702,542,0,102,440,213,2
2026-05-23,S03,P101,228,0,52,176,108,1
2026-05-23,S03,P102,55,0,15,40,32,2
2026-05-23,S03,P201,146,0,14,132,54,3
2026-05-23,S03,P205,44,0,19,25,43,2
2026-05-23,S03,P330,231,0,40,191,86,3
2026-05-23,S03,P331,96,0,31,65,64,2
2026-05-23,S03,P442,110,321,55,376,129,2
2026-05-23,S03,P443,404,0,50,354,172,4
2026-05-23,S03,P501,56,0,10,46,21,2
2026-05-23,S03,P502,89,0,20,69,43,3
2026-05-23,S03,P601,63,0,19,44,32,1
2026-05-23,S03,P701,57,0,10,47,25,1
2026-05-23,S03,P702,42,138,31,149,54,3
2026-05-23,S04,P101,440,0,72,368,162,2
2026-05-23,S04,P102,34,128,23,139,48,1
2026-05-23,S04,P201,136,0,27,109,81,2
2026-05-23,S04,P205,117,0,27,90,64,4
2026-05-23,S04,P330,346,0,55,291,129,4
2026-05-23,S04,P331,237,0,44,193,97,2
2026-05-23,S04,P442,592,0,76,516,194,3
2026-05-23,S04,P443,773,0,123,650,259,2
2026-05-23,S04,P501,35,0,14,21,32,4
2026-05-23,S04,P502,176,0,40,136,64,1
2026-05-23,S04,P601,43,119,18,144,48,1
2026-05-23,S04,P701,53,0,11,42,38,2
2026-05-23,S04,P702,174,0,27,147,81,1
2026-05-24,S01,P101,357,0,89,268,187,3
2026-05-24,S01,P102,59,0,21,38,56,3
2026-05-24,S01,P201,234,0,41,193,93,1
2026-05-24,S01,P205,194,0,37,157,75,2
2026-05-24,S01,P330,439,0,83,356,150,4
2026-05-24,S01,P331,92,283,53,322,112,2
2026-05-24,S01,P442,487,0,109,378,225,2
2026-05-24,S01,P443,700,0,142,558,300,1
2026-05-24,S01,P501,70,0,14,56,37,2
2026-05-24,S01,P502,183,0,35,148,75,1
2026-05-24,S01,P601,163,0,25,138,56,3
2026-05-24,S01,P701,40,110,13,137,45,2
2026-05-24,S01,P702,263,0,39,224,93,4
2026-05-24,S02,P101,803,0,166,637,427,2
2026-05-24,S02,P102,245,0,63,182,128,4
2026-05-24,S02,P201,561,0,104,457,213,3
2026-05-24,S02,P205,444,0,73,371,171,3
2026-05-24,S02,P330,647,0,175,472,342,3
2026-05-24,S02,P331,561,0,100,461,256,2
2026-05-24,S02,P442,951,0,305,646,513,4
2026-05-24,S02,P443,1523,0,407,1116,684,4
2026-05-24,S02,P501,245,0,32,213,85,2
2026-05-24,S02,P502,319,0,72,247,171,2
2026-05-24,S02,P601,364,0,60,304,128,1
2026-05-24,S02,P701,160,0,40,120,102,3
2026-05-24,S02,P702,440,0,127,313,213,1
2026-05-24,S03,P101,176,0,43,133,108,2
2026-05-24,S03,P102,40,0,14,26,32,4
2026-05-24,S03,P201,132,0,27,105,54,1
2026-05-24,S03,P205,25,119,19,125,43,1
2026-05-24,S03,P330,191,0,33,158,86,1
2026-05-24,S03,P331,65,0,24,41,64,1
2026-05-24,S03,P442,376,0,44,332,129,4
2026-05-24,S03,P443,354,0,71,283,172,4
2026-05-24,S03,P501,46,0,9,37,21,3
2026-05-24,S03,P502,69,0,17,52,43,3
2026-05-24,S03,P601,44,0,13,31,32,2
2026-05-24,S03,P701,47,0,14,33,25,1
2026-05-24,S03,P702,149,0,23,126,54,4
2026-05-24,S04,P101,368,0,59,309,162,2
2026-05-24,S04,P102,139,0,22,117,48,2
2026-05-24,S04,P201,109,0,25,84,81,2
2026-05-24,S04,P205,90,0,28,62,64,3
2026-05-24,S04,P330,291,0,56,235,129,3
2026-05-24,S04,P331,193,0,42,151,97,4
2026-05-24,S04,P442,516,0,84,432,194,2
2026-05-24,S04,P443,650,0,97,553,259,4
2026-05-24,S04,P501,21,87,14,94,32,4
2026-05-24,S04,P502,136,0,36,100,64,4
2026-05-24,S04,P601,144,0,14,130,48,4
2026-05-24,S04,P701,42,0,23,19,38,2
2026-05-24,S04,P702,147,0,45,102,81,3
2026-05-25,S01,P101,268,0,74,194,187,2
2026-05-25,S01,P102,38,149,20,167,56,4
2026-05-25,S01,P201,193,0,45,148,93,1
2026-05-25,S01,P205,157,0,22,135,75,1
2026-05-25,S01,P330,356,0,54,302,150,3
2026-05-25,S01,P331,322,0,34,288,112,3
2026-05-25,S01,P442,378,0,77,301,225,1
2026-05-25,S01,P443,558,0,111,447,300,3
2026-05-25,S01,P501,56,0,14,42,37,4
2026-05-25,S01,P502,148,0,26,122,75,2
2026-05-25,S01,P601,138,0,15,123,56,1
2026-05-25,S01,P701,137,0,16,121,45,1
2026-05-25,S01,P702,224,0,29,195,93,2
2026-05-25,S02,P101,637,0,164,473,427,1
2026-05-25,S02,P102,182,0,51,131,128,3
2026-05-25,S02,P201,457,0,76,381,213,1
2026-05-25,S02,P205,371,0,66,305,171,3
2026-05-25,S02,P330,472,0,131,341,342,4
2026-05-25,S02,P331,461,0,98,363,256,2
2026-05-25,S02,P442,646,0,171,475,513,1
2026-05-25,S02,P443,1116,0,236,880,684,2
2026-05-25,S02,P501,213,0,24,189,85,4
2026-05-25,S02,P502,247,0,62,185,171,2
2026-05-25,S02,P601,304,0,76,228,128,1
2026-05-25,S02,P701,120,0,32,88,102,4
2026-05-25,S02,P702,313,0,51,262,213,1
2026-05-25,S03,P101,133,0,35,98,108,4
2026-05-25,S03,P102,26,81,10,97,32,2
2026-05-25,S03,P201,105,0,31,74,54,4
2026-05-25,S03,P205,125,0,16,109,43,3
2026-05-25,S03,P330,158,0,26,132,86,3
2026-05-25,S03,P331,41,174,26,189,64,3
2026-05-25,S03,P442,332,0,28,304,129,1
2026-05-25,S03,P443,283,0,60,223,172,3
2026-05-25,S03,P501,37,0,4,33,21,1
2026-05-25,S03,P502,52,0,11,41,43,4
2026-05-25,S03,P601,31,76,16,91,32,4
2026-05-25,S03,P701,33,0,3,30,25,4
2026-05-25,S03,P702,126,0,14,112,54,2
2026-05-25,S04,P101,309,0,54,255,162,4
2026-05-25,S04,P102,117,0,13,104,48,1
2026-05-25,S04,P201,84,0,33,51,81,3
2026-05-25,S04,P205,62,154,22,194,64,4
2026-05-25,S04,P330,235,0,59,176,129,4
2026-05-25,S04,P331,151,0,31,120,97,1
2026-05-25,S04,P442,432,0,81,351,194,1
2026-05-25,S04,P443,553,0,75,478,259,1
2026-05-25,S04,P501,94,0,6,88,32,2
2026-05-25,S04,P502,100,0,25,75,64,2
2026-05-25,S04,P601,130,0,18,112,48,2
2026-05-25,S04,P701,19,110,19,110,38,1
2026-05-25,S04,P702,102,0,21,81,81,3
2026-05-26,S01,P101,194,0,75,119,187,4
2026-05-26,S01,P102,167,0,18,149,56,4
2026-05-26,S01,P201,148,0,34,114,93,2
2026-05-26,S01,P205,135,0,29,106,75,2
2026-05-26,S01,P330,302,0,55,247,150,3
2026-05-26,S01,P331,288,0,39,249,112,4
2026-05-26,S01,P442,301,0,58,243,225,1
2026-05-26,S01,P443,447,0,101,346,300,2
2026-05-26,S01,P501,42,0,13,29,37,3
2026-05-26,S01,P502,122,0,23,99,75,3
2026-05-26,S01,P601,123,0,25,98,56,1
2026-05-26,S01,P701,121,0,16,105,45,4
2026-05-26,S01,P702,195,0,43,152,93,1
2026-05-26,S02,P101,473,0,169,304,427,2
2026-05-26,S02,P102,131,0,42,89,128,3
2026-05-26,S02,P201,381,0,76,305,213,2
2026-05-26,S02,P205,305,0,59,246,171,2
2026-05-26,S02,P330,341,799,111,1029,342,3
2026-05-26,S02,P331,363,0,76,287,256,1
2026-05-26,S02,P442,475,1235,195,1515,513,1
2026-05-26,S02,P443,880,0,244,636,684,1
2026-05-26,S02,P501,189,0,37,152,85,3
2026-05-26,S02,P502,185,0,56,129,171,2
2026-05-26,S02,P601,228,0,39,189,128,4
2026-05-26,S02,P701,88,254,34,308,102,3
2026-05-26,S02,P702,262,0,72,190,213,2
2026-05-26,S03,P101,98,262,61,299,108,2
2026-05-26,S03,P102,97,0,9,88,32,1
2026-05-26,S03,P201,74,0,15,59,54,4
2026-05-26,S03,P205,109,0,13,96,43,1
2026-05-26,S03,P330,132,0,25,107,86,3
2026-05-26,S03,P331,189,0,18,171,64,2
2026-05-26,S03,P442,304,0,45,259,129,3
2026-05-26,S03,P443,223,0,53,170,172,4
2026-05-26,S03,P501,33,0,11,22,21,1
2026-05-26,S03,P502,41,103,10,134,43,4
2026-05-26,S03,P601,91,0,11,80,32,3
2026-05-26,S03,P701,30,0,5,25,25,3
2026-05-26,S03,P702,112,0,14,98,54,1
2026-05-26,S04,P101,255,0,46,209,162,4
2026-05-26,S04,P102,104,0,16,88,48,2
2026-05-26,S04,P201,51,219,27,243,81,1
2026-05-26,S04,P205,194,0,21,173,64,1
2026-05-26,S04,P330,176,0,44,132,129,4
2026-05-26,S04,P331,120,0,27,93,97,1
2026-05-26,S04,P442,351,0,75,276,194,1
2026-05-26,S04,P443,478,0,94,384,259,4
2026-05-26,S04,P501,88,0,7,81,32,1
2026-05-26,S04,P502,75,0,16,59,64,2
2026-05-26,S04,P601,112,0,11,101,48,1
2026-05-26,S04,P701,110,0,11,99,38,4
2026-05-26,S04,P702,81,189,27,243,81,4
2026-05-27,S01,P101,119,506,67,558,187,1
2026-05-27,S01,P102,149,0,18,131,56,4
2026-05-27,S01,P201,114,0,43,71,93,4
2026-05-27,S01,P205,106,0,26,80,75,1
2026-05-27,S01,P330,247,0,42,205,150,4
2026-05-27,S01,P331,249,0,39,210,112,4
2026-05-27,S01,P442,243,0,62,181,225,3
2026-05-27,S01,P443,346,0,110,236,300,1
2026-05-27,S01,P501,29,96,13,112,37,1
2026-05-27,S01,P502,99,0,19,80,75,1
2026-05-27,S01,P601,98,0,15,83,56,3
2026-05-27,S01,P701,105,0,17,88,45,2
2026-05-27,S01,P702,152,0,25,127,93,4
2026-05-27,S02,P101,304,1121,160,1265,427,4
2026-05-27,S02,P102,89,338,37,390,128,3
2026-05-27,S02,P201,305,0,69,236,213,4
2026-05-27,S02,P205,246,0,54,192,171,4
2026-05-27,S02,P330,1029,0,110,919,342,4
2026-05-27,S02,P331,287,0,99,188,256,1
2026-05-27,S02,P442,1515,0,182,1333,513,2
2026-05-27,S02,P443,636,1644,222,2058,684,1
2026-05-27,S02,P501,152,0,33,119,85,2
2026-05-27,S02,P502,129,441,60,510,171,4
2026-05-27,S02,P601,189,0,40,149,128,2
2026-05-27,S02,P701,308,0,31,277,102,3
2026-05-27,S02,P702,190,522,55,657,213,3
2026-05-27,S03,P101,299,0,27,272,108,2
2026-05-27,S03,P102,88,0,13,75,32,3
2026-05-27,S03,P201,59,0,18,41,54,4
2026-05-27,S03,P205,96,0,16,80,43,4
2026-05-27,S03,P330,107,0,34,73,86,3
2026-05-27,S03,P331,171,0,42,129,64,3
2026-05-27,S03,P442,259,0,37,222,129,1
2026-05-27,S03,P443,170,406,97,479,172,2
2026-05-27,S03,P501,22,0,12,10,21,3
2026-05-27,S03,P502,134,0,22,112,43,3
2026-05-27,S03,P601,80,0,9,71,32,2
2026-05-27,S03,P701,25,61,8,78,25,3
2026-05-27,S03,P702,98,0,18,80,54,2
2026-05-27,S04,P101,209,0,66,143,162,1
2026-05-27,S04,P102,88,0,14,74,48,2
2026-05-27,S04,P201,243,0,29,214,81,3
2026-05-27,S04,P205,173,0,29,144,64,3
2026-05-27,S04,P330,132,0,42,90,129,1
2026-05-27,S04,P331,93,231,31,293,97,2
2026-05-27,S04,P442,276,0,57,219,194,3
2026-05-27,S04,P443,384,0,99,285,259,3
2026-05-27,S04,P501,81,0,8,73,32,4
2026-05-27,S04,P502,59,157,21,195,64,1
2026-05-27,S04,P601,101,0,31,70,48,3
2026-05-27,S04,P701,99,0,20,79,38,1
2026-05-27,S04,P702,243,0,23,220,81,4
2026-05-28,S01,P101,558,0,101,457,187,3
2026-05-28,S01,P102,131,0,23,108,56,3
2026-05-28,S01,P201,71,241,36,276,93,4
2026-05-28,S01,P205,80,0,27,53,75,3
2026-05-28,S01,P330,205,0,49,156,150,1
2026-05-28,S01,P331,210,0,37,173,112,1
2026-05-28,S01,P442,181,569,66,684,225,2
2026-05-28,S01,P443,236,764,120,880,300,1
2026-05-28,S01,P501,112,0,12,100,37,4
2026-05-28,S01,P502,80,0,24,56,75,1
2026-05-28,S01,P601,83,0,18,65,56,1
2026-05-28,S01,P701,88,0,17,71,45,3
2026-05-28,S01,P702,127,0,31,96,93,2
2026-05-28,S02,P101,1265,0,134,1131,427,2
2026-05-28,S02,P102,390,0,62,328,128,1
2026-05-28,S02,P201,236,0,63,173,213,2
2026-05-28,S02,P205,192,0,48,144,171,3
2026-05-28,S02,P330,919,0,124,795,342,4
2026-05-28,S02,P331,188,667,96,759,256,4
2026-05-28,S02,P442,1333,0,240,1093,513,2
2026-05-28,S02,P443,2058,0,321,1737,684,2
2026-05-28,S02,P501,119,0,28,91,85,4
2026-05-28,S02,P502,510,0,52,458,171,4
2026-05-28,S02,P601,149,0,36,113,128,1
2026-05-28,S02,P701,277,0,43,234,102,1
2026-05-28,S02,P702,657,0,81,576,213,1
2026-05-28,S03,P101,272,0,27,245,108,3
2026-05-28,S03,P102,75,0,6,69,32,2
2026-05-28,S03,P201,41,139,11,169,54,1
2026-05-28,S03,P205,80,0,17,63,43,1
2026-05-28,S03,P330,73,215,50,238,86,2
2026-05-28,S03,P331,129,0,22,107,64,4
2026-05-28,S03,P442,222,0,30,192,129,4
2026-05-28,S03,P443,479,0,63,416,172,4
2026-05-28,S03,P501,10,62,10,62,21,1
2026-05-28,S03,P502,112,0,17,95,43,2
2026-05-28,S03,P601,71,0,22,49,32,1
2026-05-28,S03,P701,78,0,5,73,25,1
2026-05-28,S03,P702,80,0,13,67,54,2
2026-05-28,S04,P101,143,397,50,490,162,3
2026-05-28,S04,P102,74,0,20,54,48,1
2026-05-28,S04,P201,214,0,23,191,81,1
2026-05-28,S04,P205,144,0,25,119,64,2
2026-05-28,S04,P330,90,342,49,383,129,1
2026-05-28,S04,P331,293,0,36,257,97,4
2026-05-28,S04,P442,219,0,76,143,194,3
2026-05-28,S04,P443,285,0,93,192,259,3
2026-05-28,S04,P501,73,0,21,52,32,4
2026-05-28,S04,P502,195,0,25,170,64,3
2026-05-28,S04,P601,70,0,24,46,48,1
2026-05-28,S04,P701,79,0,6,73,38,3
2026-05-28,S04,P702,220,0,35,185,81,3
2026-05-29,S01,P101,457,0,68,389,187,2
2026-05-29,S01,P102,108,0,27,81,56,2
2026-05-29,S01,P201,276,0,36,240,93,4
2026-05-29,S01,P205,53,197,24,226,75,4
2026-05-29,S01,P330,156,0,59,97,150,1
2026-05-29,S01,P331,173,0,37,136,112,4
2026-05-29,S01,P442,684,0,79,605,225,2
2026-05-29,S01,P443,880,0,91,789,300,4
2026-05-29,S01,P501,100,0,11,89,37,2
2026-05-29,S01,P502,56,194,20,230,75,3
2026-05-29,S01,P601,65,0,20,45,56,1
2026-05-29,S01,P701,71,0,14,57,45,2
2026-05-29,S01,P702,96,0,35,61,93,1
2026-05-29,S02,P101,1131,0,161,970,427,4
2026-05-29,S02,P102,328,0,38,290,128,1
2026-05-29,S02,P201,173,539,114,598,213,3
2026-05-29,S02,P205,144,426,57,513,171,4
2026-05-29,S02,P330,795,0,115,680,342,4
2026-05-29,S02,P331,759,0,107,652,256,3
2026-05-29,S02,P442,1093,0,143,950,513,2
2026-05-29,S02,P443,1737,0,234,1503,684,4
2026-05-29,S02,P501,91,0,33,58,85,2
2026-05-29,S02,P502,458,0,52,406,171,1
2026-05-29,S02,P601,113,314,61,366,128,2
2026-05-29,S02,P701,234,0,25,209,102,1
2026-05-29,S02,P702,576,0,76,500,213,1
2026-05-29,S03,P101,245,0,34,211,108,2
2026-05-29,S03,P102,69,0,9,60,32,4
2026-05-29,S03,P201,169,0,13,156,54,4
2026-05-29,S03,P205,63,0,9,54,43,4
2026-05-29,S03,P330,238,0,34,204,86,1
2026-05-29,S03,P331,107,0,30,77,64,1
2026-05-29,S03,P442,192,0,32,160,129,3
2026-05-29,S03,P443,416,0,52,364,172,2
2026-05-29,S03,P501,62,0,6,56,21,2
2026-05-29,S03,P502,95,0,15,80,43,2
2026-05-29,S03,P601,49,0,18,31,32,4
2026-05-29,S03,P701,73,0,8,65,25,4
2026-05-29,S03,P702,67,0,10,57,54,1
2026-05-29,S04,P101,490,0,56,434,162,2
2026-05-29,S04,P102,54,0,12,42,48,4
2026-05-29,S04,P201,191,0,26,165,81,4
2026-05-29,S04,P205,119,0,30,89,64,2
2026-05-29,S04,P330,383,0,40,343,129,2
2026-05-29,S04,P331,257,0,39,218,97,1
2026-05-29,S04,P442,143,505,64,584,194,1
2026-05-29,S04,P443,192,672,115,749,259,3
2026-05-29,S04,P501,52,0,8,44,32,2
2026-05-29,S04,P502,170,0,25,145,64,4
2026-05-29,S04,P601,46,116,24,138,48,2
2026-05-29,S04,P701,73,0,11,62,38,3
2026-05-29,S04,P702,185,0,25,160,81,3
2026-05-30,S01,P101,389,0,80,309,187,1
2026-05-30,S01,P102,81,0,29,52,56,1
2026-05-30,S01,P201,240,0,42,198,93,3
2026-05-30,S01,P205,226,0,32,194,75,3
2026-05-30,S01,P330,97,403,68,432,150,1
2026-05-30,S01,P331,136,0,43,93,112,1
2026-05-30,S01,P442,605,0,120,485,225,2
2026-05-30,S01,P443,789,0,185,604,300,2
2026-05-30,S01,P501,89,0,16,73,37,3
2026-05-30,S01,P502,230,0,37,193,75,3
2026-05-30,S01,P601,45,142,10,177,56,4
2026-05-30,S01,P701,57,0,22,35,45,1
2026-05-30,S01,P702,61,251,35,277,93,1
2026-05-30,S02,P101,970,0,174,796,427,4
2026-05-30,S02,P102,290,0,54,236,128,2
2026-05-30,S02,P201,598,0,94,504,213,2
2026-05-30,S02,P205,513,0,81,432,171,3
2026-05-30,S02,P330,680,0,144,536,342,1
2026-05-30,S02,P331,652,0,132,520,256,2
2026-05-30,S02,P442,950,0,243,707,513,3
2026-05-30,S02,P443,1503,0,318,1185,684,3
2026-05-30,S02,P501,58,227,38,247,85,4
2026-05-30,S02,P502,406,0,72,334,171,2
2026-05-30,S02,P601,366,0,50,316,128,1
2026-05-30,S02,P701,209,0,45,164,102,3
2026-05-30,S02,P702,500,0,88,412,213,3
2026-05-30,S03,P101,211,0,50,161,108,4
2026-05-30,S03,P102,60,0,12,48,32,4
2026-05-30,S03,P201,156,0,19,137,54,4
2026-05-30,S03,P205,54,0,14,40,43,1
2026-05-30,S03,P330,204,0,42,162,86,4
2026-05-30,S03,P331,77,0,30,47,64,3
2026-05-30,S03,P442,160,0,47,113,129,2
2026-05-30,S03,P443,364,0,72,292,172,2
2026-05-30,S03,P501,56,0,10,46,21,3
2026-05-30,S03,P502,80,0,21,59,43,4
2026-05-30,S03,P601,31,76,16,91,32,4
2026-05-30,S03,P701,65,0,13,52,25,2
2026-05-30,S03,P702,57,0,26,31,54,3
2026-05-30,S04,P101,434,0,69,365,162,2
2026-05-30,S04,P102,42,120,16,146,48,3
2026-05-30,S04,P201,165,0,32,133,81,1
2026-05-30,S04,P205,89,0,25,64,64,3
2026-05-30,S04,P330,343,0,61,282,129,2
2026-05-30,S04,P331,218,0,74,144,97,1
2026-05-30,S04,P442,584,0,118,466,194,3
2026-05-30,S04,P443,749,0,105,644,259,3
2026-05-30,S04,P501,44,0,15,29,32,1
2026-05-30,S04,P502,145,0,22,123,64,4
2026-05-30,S04,P601,138,0,22,116,48,3
2026-05-30,S04,P701,62,0,24,38,38,4
2026-05-30,S04,P702,160,0,54,106,81,2
2026-05-31,S01,P101,309,0,95,214,187,2
2026-05-31,S01,P102,52,135,20,167,56,2
2026-05-31,S01,P201,198,0,37,161,93,2
2026-05-31,S01,P205,194,0,34,160,75,4
2026-05-31,S01,P330,432,0,60,372,150,2
2026-05-31,S01,P331,93,282,76,299,112,2
2026-05-31,S01,P442,485,0,89,396,225,3
2026-05-31,S01,P443,604,0,135,469,300,3
2026-05-31,S01,P501,73,0,18,55,37,2
2026-05-31,S01,P502,193,0,42,151,75,3
2026-05-31,S01,P601,177,0,32,145,56,4
2026-05-31,S01,P701,35,115,21,129,45,2
2026-05-31,S01,P702,277,0,78,199,93,3
2026-05-31,S02,P101,796,0,207,589,427,4
2026-05-31,S02,P102,236,0,60,176,128,3
2026-05-31,S02,P201,504,0,78,426,213,3
2026-05-31,S02,P205,432,0,71,361,171,4
2026-05-31,S02,P330,536,0,131,405,342,2
2026-05-31,S02,P331,520,0,110,410,256,2
2026-05-31,S02,P442,707,0,198,509,513,3
2026-05-31,S02,P443,1185,0,317,868,684,4
2026-05-31,S02,P501,247,0,53,194,85,3
2026-05-31,S02,P502,334,0,67,267,171,2
2026-05-31,S02,P601,316,0,54,262,128,4
2026-05-31,S02,P701,164,0,46,118,102,2
2026-05-31,S02,P702,412,0,88,324,213,2
2026-05-31,S03,P101,161,0,41,120,108,2
2026-05-31,S03,P102,48,0,19,29,32,2
2026-05-31,S03,P201,137,0,31,106,54,4
2026-05-31,S03,P205,40,104,24,120,43,4
2026-05-31,S03,P330,162,0,27,135,86,1
2026-05-31,S03,P331,47,168,22,193,64,3
2026-05-31,S03,P442,113,318,65,366,129,4
2026-05-31,S03,P443,292,0,77,215,172,4
2026-05-31,S03,P501,46,0,12,34,21,2
2026-05-31,S03,P502,59,0,21,38,43,2
2026-05-31,S03,P601,91,0,29,62,32,2
2026-05-31,S03,P701,52,0,10,42,25,2
2026-05-31,S03,P702,31,149,29,151,54,3
2026-05-31,S04,P101,365,0,74,291,162,4
2026-05-31,S04,P102,146,0,18,128,48,1
2026-05-31,S04,P201,133,0,31,102,81,1
2026-05-31,S04,P205,64,152,28,188,64,3
2026-05-31,S04,P330,282,0,65,217,129,1
2026-05-31,S04,P331,144,0,40,104,97,1
2026-05-31,S04,P442,466,0,92,374,194,4
2026-05-31,S04,P443,644,0,111,533,259,2
2026-05-31,S04,P501,29,79,14,94,32,1
2026-05-31,S04,P502,123,0,36,87,64,1
2026-05-31,S04,P601,116,0,16,100,48,2
2026-05-31,S04,P701,38,91,17,112,38,1
2026-05-31,S04,P702,106,0,42,64,81,2
2026-06-01,S01,P101,214,0,67,147,187,3
2026-06-01,S01,P102,167,0,18,149,56,2
2026-06-01,S01,P201,161,0,45,116,93,2
2026-06-01,S01,P205,160,0,27,133,75,3
2026-06-01,S01,P330,372,0,59,313,150,4
2026-06-01,S01,P331,299,0,30,269,112,4
2026-06-01,S01,P442,396,0,78,318,225,4
2026-06-01,S01,P443,469,0,94,375,300,1
2026-06-01,S01,P501,55,0,15,40,37,3
2026-06-01,S01,P502,151,0,32,119,75,3
2026-06-01,S01,P601,145,0,12,133,56,2
2026-06-01,S01,P701,129,0,14,115,45,2
2026-06-01,S01,P702,199,0,34,165,93,3
2026-06-01,S02,P101,589,0,207,382,427,2
2026-06-01,S02,P102,176,0,39,137,128,3
2026-06-01,S02,P201,426,0,64,362,213,3
2026-06-01,S02,P205,361,0,46,315,171,1
2026-06-01,S02,P330,405,0,180,225,342,1
2026-06-01,S02,P331,410,0,78,332,256,2
2026-06-01,S02,P442,509,1201,159,1551,513,1
2026-06-01,S02,P443,868,0,220,648,684,1
2026-06-01,S02,P501,194,0,22,172,85,1
2026-06-01,S02,P502,267,0,62,205,171,2
2026-06-01,S02,P601,262,0,45,217,128,1
2026-06-01,S02,P701,118,0,50,68,102,1
2026-06-01,S02,P702,324,0,84,240,213,2
2026-06-01,S03,P101,120,0,44,76,108,4
2026-06-01,S03,P102,29,78,9,98,32,1
2026-06-01,S03,P201,106,0,16,90,54,2
2026-06-01,S03,P205,120,0,19,101,43,4
2026-06-01,S03,P330,135,0,34,101,86,1
2026-06-01,S03,P331,193,0,27,166,64,4
2026-06-01,S03,P442,366,0,41,325,129,3
2026-06-01,S03,P443,215,0,70,145,172,2
2026-06-01,S03,P501,34,0,5,29,21,3
2026-06-01,S03,P502,38,106,12,132,43,3
2026-06-01,S03,P601,62,0,12,50,32,1
2026-06-01,S03,P701,42,0,5,37,25,2
2026-06-01,S03,P702,151,0,18,133,54,2
2026-06-01,S04,P101,291,0,56,235,162,3
2026-06-01,S04,P102,128,0,16,112,48,2
2026-06-01,S04,P201,102,0,29,73,81,1
2026-06-01,S04,P205,188,0,27,161,64,4
2026-06-01,S04,P330,217,0,31,186,129,1
2026-06-01,S04,P331,104,0,34,70,97,3
2026-06-01,S04,P442,374,0,58,316,194,4
2026-06-01,S04,P443,533,0,75,458,259,1
2026-06-01,S04,P501,94,0,11,83,32,2
2026-06-01,S04,P502,87,0,23,64,64,3
2026-06-01,S04,P601,100,0,20,80,48,3
2026-06-01,S04,P701,112,0,15,97,38,3
2026-06-01,S04,P702,64,206,15,255,81,3
2026-06-02,S01,P101,147,478,70,555,187,4
2026-06-02,S01,P102,149,0,16,133,56,3
2026-06-02,S01,P201,116,0,32,84,93,3
2026-06-02,S01,P205,133,0,31,102,75,2
2026-06-02,S01,P330,313,0,54,259,150,3
2026-06-02,S01,P331,269,0,38,231,112,2
2026-06-02,S01,P442,318,0,76,242,225,2
2026-06-02,S01,P443,375,0,155,220,300,3
2026-06-02,S01,P501,40,0,16,24,37,1
2026-06-02,S01,P502,119,0,16,103,75,1
2026-06-02,S01,P601,133,0,12,121,56,3
2026-06-02,S01,P701,115,0,21,94,45,2
2026-06-02,S01,P702,165,0,22,143,93,1
2026-06-02,S02,P101,382,1043,140,1285,427,1
2026-06-02,S02,P102,137,0,42,95,128,4
2026-06-02,S02,P201,362,0,66,296,213,2
2026-06-02,S02,P205,315,0,65,250,171,2
2026-06-02,S02,P330,225,915,121,1019,342,1
2026-06-02,S02,P331,332,0,73,259,256,3
2026-06-02,S02,P442,1551,0,168,1383,513,1
2026-06-02,S02,P443,648,1632,218,2062,684,2
2026-06-02,S02,P501,172,0,24,148,85,4
2026-06-02,S02,P502,205,0,55,150,171,1
2026-06-02,S02,P601,217,0,42,175,128,1
2026-06-02,S02,P701,68,274,39,303,102,1
2026-06-02,S02,P702,240,0,71,169,213,3
2026-06-02,S03,P101,76,284,35,325,108,2
2026-06-02,S03,P102,98,0,13,85,32,3
2026-06-02,S03,P201,90,0,17,73,54,3
2026-06-02,S03,P205,101,0,7,94,43,4
2026-06-02,S03,P330,101,0,18,83,86,4
2026-06-02,S03,P331,166,0,21,145,64,2
2026-06-02,S03,P442,325,0,44,281,129,1
2026-06-02,S03,P443,145,431,58,518,172,4
2026-06-02,S03,P501,29,0,6,23,21,4
2026-06-02,S03,P502,132,0,10,122,43,2
2026-06-02,S03,P601,50,0,12,38,32,4
2026-06-02,S03,P701,37,0,9,28,25,4
2026-06-02,S03,P702,133,0,15,118,54,2
2026-06-02,S04,P101,235,0,61,174,162,2
2026-06-02,S04,P102,112,0,19,93,48,1
2026-06-02,S04,P201,73,197,26,244,81,3
2026-06-02,S04,P205,161,0,29,132,64,4
2026-06-02,S04,P330,186,0,64,122,129,1
2026-06-02,S04,P331,70,254,37,287,97,3
2026-06-02,S04,P442,316,0,65,251,194,4
2026-06-02,S04,P443,458,0,91,367,259,3
2026-06-02,S04,P501,83,0,9,74,32,3
2026-06-02,S04,P502,64,152,22,194,64,3
2026-06-02,S04,P601,80,0,18,62,48,2
2026-06-02,S04,P701,97,0,14,83,38,3
2026-06-02,S04,P702,255,0,25,230,81,1
2026-06-03,S01,P101,555,0,63,492,187,3
2026-06-03,S01,P102,133,0,21,112,56,3
2026-06-03,S01,P201,84,228,36,276,93,2
2026-06-03,S01,P205,102,0,27,75,75,2
2026-06-03,S01,P330,259,0,55,204,150,4
2026-06-03,S01,P331,231,0,36,195,112,3
2026-06-03,S01,P442,242,0,75,167,225,3
2026-06-03,S01,P443,220,780,107,893,300,4
2026-06-03,S01,P501,24,101,7,118,37,4
2026-06-03,S01,P502,103,0,19,84,75,3
2026-06-03,S01,P601,121,0,19,102,56,4
2026-06-03,S01,P701,94,0,15,79,45,2
2026-06-03,S01,P702,143,0,30,113,93,3
2026-06-03,S02,P101,1285,0,116,1169,427,3
2026-06-03,S02,P102,95,332,50,377,128,2
2026-06-03,S02,P201,296,0,77,219,213,4
2026-06-03,S02,P205,250,0,49,201,171,1
2026-06-03,S02,P330,1019,0,114,905,342,4
2026-06-03,S02,P331,259,0,98,161,256,2
2026-06-03,S02,P442,1383,0,149,1234,513,1
2026-06-03,S02,P443,2062,0,220,1842,684,3
2026-06-03,S02,P501,148,0,34,114,85,1
2026-06-03,S02,P502,150,420,58,512,171,4
2026-06-03,S02,P601,175,0,42,133,128,1
2026-06-03,S02,P701,303,0,30,273,102,3
2026-06-03,S02,P702,169,543,69,643,213,2
2026-06-03,S03,P101,325,0,45,280,108,1
2026-06-03,S03,P102,85,0,9,76,32,1
2026-06-03,S03,P201,73,0,21,52,54,4
2026-06-03,S03,P205,94,0,19,75,43,3
2026-06-03,S03,P330,83,205,38,250,86,3
2026-06-03,S03,P331,145,0,17,128,64,4
2026-06-03,S03,P442,281,0,36,245,129,4
2026-06-03,S03,P443,518,0,70,448,172,4
2026-06-03,S03,P501,23,0,8,15,21,2
2026-06-03,S03,P502,122,0,23,99,43,4
2026-06-03,S03,P601,38,0,15,23,32,2
2026-06-03,S03,P701,28,0,12,16,25,1
2026-06-03,S03,P702,118,0,17,101,54,1
2026-06-03,S04,P101,174,0,57,117,162,3
2026-06-03,S04,P102,93,0,21,72,48,1
2026-06-03,S04,P201,244,0,35,209,81,1
2026-06-03,S04,P205,132,0,19,113,64,4
2026-06-03,S04,P330,122,310,38,394,129,2
2026-06-03,S04,P331,287,0,30,257,97,4
2026-06-03,S04,P442,251,0,68,183,194,3
2026-06-03,S04,P443,367,0,86,281,259,3
2026-06-03,S04,P501,74,0,23,51,32,2
2026-06-03,S04,P502,194,0,25,169,64,4
2026-06-03,S04,P601,62,0,16,46,48,3
2026-06-03,S04,P701,83,0,14,69,38,2
2026-06-03,S04,P702,230,0,23,207,81,2
2026-06-04,S01,P101,492,0,63,429,187,4
2026-06-04,S01,P102,112,0,19,93,56,4
2026-06-04,S01,P201,276,0,36,240,93,3
2026-06-04,S01,P205,75,175,28,222,75,4
2026-06-04,S01,P330,204,0,41,163,150,3
2026-06-04,S01,P331,195,0,31,164,112,1
2026-06-04,S01,P442,167,583,86,664,225,4
2026-06-04,S01,P443,893,0,88,805,300,2
2026-06-04,S01,P501,118,0,9,109,37,4
2026-06-04,S01,P502,84,0,18,66,75,2
2026-06-04,S01,P601,102,0,21,81,56,1
2026-06-04,S01,P701,79,0,13,66,45,1
2026-06-04,S01,P702,113,0,34,79,93,4
2026-06-04,S02,P101,1169,0,152,1017,427,2
2026-06-04,S02,P102,377,0,55,322,128,2
2026-06-04,S02,P201,219,0,109,110,213,2
2026-06-04,S02,P205,201,0,87,114,171,4
2026-06-04,S02,P330,905,0,117,788,342,3
2026-06-04,S02,P331,161,694,145,710,256,1
2026-06-04,S02,P442,1234,0,159,1075,513,1
2026-06-04,S02,P443,1842,0,260,1582,684,1
2026-06-04,S02,P501,114,0,22,92,85,4
2026-06-04,S02,P502,512,0,62,450,171,1
2026-06-04,S02,P601,133,0,41,92,128,2
2026-06-04,S02,P701,273,0,40,233,102,4
2026-06-04,S02,P702,643,0,65,578,213,2
2026-06-04,S03,P101,280,0,40,240,108,4
2026-06-04,S03,P102,76,0,23,53,32,2
2026-06-04,S03,P201,52,128,33,147,54,1
2026-06-04,S03,P205,75,0,9,66,43,3
2026-06-04,S03,P330,250,0,25,225,86,4
2026-06-04,S03,P331,128,0,22,106,64,3
2026-06-04,S03,P442,245,0,29,216,129,3
2026-06-04,S03,P443,448,0,63,385,172,1
2026-06-04,S03,P501,15,57,10,62,21,3
2026-06-04,S03,P502,99,0,16,83,43,1
2026-06-04,S03,P601,23,84,15,92,32,3
2026-06-04,S03,P701,16,70,12,74,25,1
2026-06-04,S03,P702,101,0,32,69,54,4
2026-06-04,S04,P101,117,423,52,488,162,3
2026-06-04,S04,P102,72,0,12,60,48,3
2026-06-04,S04,P201,209,0,27,182,81,1
2026-06-04,S04,P205,113,0,19,94,64,1
2026-06-04,S04,P330,394,0,55,339,129,4
2026-06-04,S04,P331,257,0,38,219,97,1
2026-06-04,S04,P442,183,465,73,575,194,2
2026-06-04,S04,P443,281,0,139,142,259,2
2026-06-04,S04,P501,51,0,22,29,32,1
2026-06-04,S04,P502,169,0,19,150,64,2
2026-06-04,S04,P601,46,116,21,141,48,2
2026-06-04,S04,P701,69,0,10,59,38,2
2026-06-04,S04,P702,207,0,32,175,81,1
2026-06-05,S01,P101,429,0,57,372,187,3
2026-06-05,S01,P102,93,0,30,63,56,2
2026-06-05,S01,P201,240,0,27,213,93,2
2026-06-05,S01,P205,222,0,24,198,75,3
2026-06-05,S01,P330,163,0,60,103,150,3
2026-06-05,S01,P331,164,0,31,133,112,1
2026-06-05,S01,P442,664,0,63,601,225,1
2026-06-05,S01,P443,805,0,110,695,300,2
2026-06-05,S01,P501,109,0,19,90,37,2
2026-06-05,S01,P502,66,184,28,222,75,2
2026-06-05,S01,P601,81,0,13,68,56,1
2026-06-05,S01,P701,66,0,27,39,45,2
2026-06-05,S01,P702,79,233,28,284,93,4
2026-06-05,S02,P101,1017,0,210,807,427,2
2026-06-05,S02,P102,322,0,41,281,128,1
2026-06-05,S02,P201,110,602,81,631,213,3
2026-06-05,S02,P205,114,456,65,505,171,3
2026-06-05,S02,P330,788,0,114,674,342,2
2026-06-05,S02,P331,710,0,84,626,256,3
2026-06-05,S02,P442,1075,0,202,873,513,2
2026-06-05,S02,P443,1582,0,223,1359,684,2
2026-06-05,S02,P501,92,0,24,68,85,2
2026-06-05,S02,P502,450,0,68,382,171,3
2026-06-05,S02,P601,92,335,34,393,128,1
2026-06-05,S02,P701,233,0,26,207,102,1
2026-06-05,S02,P702,578,0,74,504,213,4
2026-06-05,S03,P101,240,0,36,204,108,1
2026-06-05,S03,P102,53,0,6,47,32,2
2026-06-05,S03,P201,147,0,16,131,54,2
2026-06-05,S03,P205,66,0,10,56,43,2
2026-06-05,S03,P330,225,0,21,204,86,2
2026-06-05,S03,P331,106,0,25,81,64,1
2026-06-05,S03,P442,216,0,63,153,129,3
2026-06-05,S03,P443,385,0,66,319,172,1
2026-06-05,S03,P501,62,0,6,56,21,1
2026-06-05,S03,P502,83,0,15,68,43,4
2026-06-05,S03,P601,92,0,18,74,32,3
2026-06-05,S03,P701,74,0,8,66,25,3
2026-06-05,S03,P702,69,0,23,46,54,1
2026-06-05,S04,P101,488,0,67,421,162,3
2026-06-05,S04,P102,60,0,8,52,48,3
2026-06-05,S04,P201,182,0,27,155,81,4
2026-06-05,S04,P205,94,0,19,75,64,1
2026-06-05,S04,P330,339,0,41,298,129,3
2026-06-05,S04,P331,219,0,29,190,97,4
2026-06-05,S04,P442,575,0,58,517,194,1
2026-06-05,S04,P443,142,722,78,786,259,4
2026-06-05,S04,P501,29,79,10,98,32,1
2026-06-05,S04,P502,150,0,23,127,64,1
2026-06-05,S04,P601,141,0,16,125,48,1
2026-06-05,S04,P701,59,0,12,47,38,2
2026-06-05,S04,P702,175,0,29,146,81,3
2026-06-06,S01,P101,372,0,89,283,187,2
2026-06-06,S01,P102,63,0,28,35,56,4
2026-06-06,S01,P201,213,0,40,173,93,1
2026-06-06,S01,P205,198,0,47,151,75,4
2026-06-06,S01,P330,103,397,63,437,150,1
2026-06-06,S01,P331,133,0,40,93,112,4
2026-06-06,S01,P442,601,0,97,504,225,1
2026-06-06,S01,P443,695,0,114,581,300,1
2026-06-06,S01,P501,90,0,22,68,37,1
2026-06-06,S01,P502,222,0,34,188,75,1
2026-06-06,S01,P601,68,0,34,34,56,2
2026-06-06,S01,P701,39,111,11,139,45,4
2026-06-06,S01,P702,284,0,63,221,93,2
2026-06-06,S02,P101,807,0,164,643,427,4
2026-06-06,S02,P102,281,0,51,230,128,2
2026-06-06,S02,P201,631,0,76,555,213,2
2026-06-06,S02,P205,505,0,89,416,171,3
2026-06-06,S02,P330,674,0,147,527,342,2
2026-06-06,S02,P331,626,0,117,509,256,3
2026-06-06,S02,P442,873,0,207,666,513,3
2026-06-06,S02,P443,1359,0,268,1091,684,4
2026-06-06,S02,P501,68,217,34,251,85,4
2026-06-06,S02,P502,382,0,73,309,171,2
2026-06-06,S02,P601,393,0,62,331,128,4
2026-06-06,S02,P701,207,0,59,148,102,4
2026-06-06,S02,P702,504,0,83,421,213,1
2026-06-06,S03,P101,204,0,40,164,108,3
2026-06-06,S03,P102,47,0,15,32,32,4
2026-06-06,S03,P201,131,0,19,112,54,3
2026-06-06,S03,P205,56,0,28,28,43,1
2026-06-06,S03,P330,204,0,50,154,86,2
2026-06-06,S03,P331,81,0,33,48,64,2
2026-06-06,S03,P442,153,0,57,96,129,4
2026-06-06,S03,P443,319,0,74,245,172,3
2026-06-06,S03,P501,56,0,7,49,21,1
2026-06-06,S03,P502,68,0,15,53,43,1
2026-06-06,S03,P601,74,0,22,52,32,3
2026-06-06,S03,P701,66,0,11,55,25,1
2026-06-06,S03,P702,46,134,28,152,54,4
2026-06-06,S04,P101,421,0,67,354,162,2
2026-06-06,S04,P102,52,0,21,31,48,4
2026-06-06,S04,P201,155,0,38,117,81,1
2026-06-06,S04,P205,75,0,33,42,64,2
2026-06-06,S04,P330,298,0,65,233,129,3
2026-06-06,S04,P331,190,0,39,151,97,3
2026-06-06,S04,P442,517,0,89,428,194,3
2026-06-06,S04,P443,786,0,90,696,259,4
2026-06-06,S04,P501,98,0,15,83,32,2
2026-06-06,S04,P502,127,0,30,97,64,3
2026-06-06,S04,P601,125,0,20,105,48,1
2026-06-06,S04,P701,47,0,20,27,38,2
2026-06-06,S04,P702,146,0,40,106,81,1
2026-06-07,S01,P101,283,0,91,192,187,1
2026-06-07,S01,P102,35,152,25,162,56,4
2026-06-07,S01,P201,173,0,71,102,93,4
2026-06-07,S01,P205,151,0,32,119,75,2
2026-06-07,S01,P330,437,0,82,355,150,1
2026-06-07,S01,P331,93,282,61,314,112,2
2026-06-07,S01,P442,504,0,83,421,225,1
2026-06-07,S01,P443,581,0,128,453,300,2
2026-06-07,S01,P501,68,0,23,45,37,1
2026-06-07,S01,P502,188,0,51,137,75,3
2026-06-07,S01,P601,34,153,22,165,56,4
2026-06-07,S01,P701,139,0,11,128,45,4
2026-06-07,S01,P702,221,0,31,190,93,4
2026-06-07,S02,P101,643,0,191,452,427,3
2026-06-07,S02,P102,230,0,61,169,128,1
2026-06-07,S02,P201,555,0,108,447,213,3
2026-06-07,S02,P205,416,0,79,337,171,3
2026-06-07,S02,P330,527,0,150,377,342,4
2026-06-07,S02,P331,509,0,99,410,256,3
2026-06-07,S02,P442,666,0,227,439,513,1
2026-06-07,S02,P443,1091,0,298,793,684,2
2026-06-07,S02,P501,251,0,46,205,85,4
2026-06-07,S02,P502,309,0,68,241,171,2
2026-06-07,S02,P601,331,0,48,283,128,4
2026-06-07,S02,P701,148,0,51,97,102,2
2026-06-07,S02,P702,421,0,110,311,213,3
2026-06-07,S03,P101,164,0,57,107,108,1
2026-06-07,S03,P102,32,75,15,92,32,3
2026-06-07,S03,P201,112,0,35,77,54,4
2026-06-07,S03,P205,28,116,13,131,43,4
2026-06-07,S03,P330,154,0,43,111,86,3
2026-06-07,S03,P331,48,167,30,185,64,1
2026-06-07,S03,P442,96,335,63,368,129,4
2026-06-07,S03,P443,245,0,76,169,172,2
2026-06-07,S03,P501,49,0,5,44,21,4
2026-06-07,S03,P502,53,0,19,34,43,2
2026-06-07,S03,P601,52,0,19,33,32,3
2026-06-07,S03,P701,55,0,12,43,25,1
2026-06-07,S03,P702,152,0,26,126,54,4
2026-06-07,S04,P101,354,0,69,285,162,1
2026-06-07,S04,P102,31,131,20,142,48,1
2026-06-07,S04,P201,117,0,51,66,81,4
2026-06-07,S04,P205,42,174,22,194,64,2
2026-06-07,S04,P330,233,0,66,167,129,1
2026-06-07,S04,P331,151,0,44,107,97,3
2026-06-07,S04,P442,428,0,84,344,194,3
2026-06-07,S04,P443,696,0,109,587,259,3
2026-06-07,S04,P501,83,0,8,75,32,3
2026-06-07,S04,P502,97,0,27,70,64,3
2026-06-07,S04,P601,105,0,21,84,48,3
2026-06-07,S04,P701,27,102,14,115,38,1
2026-06-07,S04,P702,106,0,38,68,81,1
2026-06-08,S01,P101,192,0,56,136,187,4
2026-06-08,S01,P102,162,0,14,148,56,4
2026-06-08,S01,P201,102,0,37,65,93,1
2026-06-08,S01,P205,119,0,34,85,75,4
2026-06-08,S01,P330,355,0,52,303,150,2
2026-06-08,S01,P331,314,0,66,248,112,4
2026-06-08,S01,P442,421,0,81,340,225,4
2026-06-08,S01,P443,453,0,106,347,300,4
2026-06-08,S01,P501,45,0,13,32,37,1
2026-06-08,S01,P502,137,0,40,97,75,2
2026-06-08,S01,P601,165,0,24,141,56,3
2026-06-08,S01,P701,128,0,16,112,45,2
2026-06-08,S01,P702,190,0,34,156,93,1
2026-06-08,S02,P101,452,0,145,307,427,1
2026-06-08,S02,P102,169,0,47,122,128,2
2026-06-08,S02,P201,447,0,65,382,213,4
2026-06-08,S02,P205,337,0,59,278,171,1
2026-06-08,S02,P330,377,0,98,279,342,4
2026-06-08,S02,P331,410,0,72,338,256,3
2026-06-08,S02,P442,439,1271,167,1543,513,2
2026-06-08,S02,P443,793,0,216,577,684,4
2026-06-08,S02,P501,205,0,29,176,85,1
2026-06-08,S02,P502,241,0,54,187,171,1
2026-06-08,S02,P601,283,0,44,239,128,2
2026-06-08,S02,P701,97,245,31,311,102,3
2026-06-08,S02,P702,311,0,137,174,213,1
2026-06-08,S03,P101,107,253,56,304,108,4
2026-06-08,S03,P102,92,0,24,68,32,3
2026-06-08,S03,P201,77,0,16,61,54,1
2026-06-08,S03,P205,131,0,21,110,43,4
2026-06-08,S03,P330,111,0,18,93,86,2
2026-06-08,S03,P331,185,0,25,160,64,3
2026-06-08,S03,P442,368,0,57,311,129,4
2026-06-08,S03,P443,169,407,49,527,172,1
2026-06-08,S03,P501,44,0,4,40,21,2
2026-06-08,S03,P502,34,110,18,126,43,1
2026-06-08,S03,P601,33,0,7,26,32,2
2026-06-08,S03,P701,43,0,11,32,25,3
2026-06-08,S03,P702,126,0,20,106,54,4
2026-06-08,S04,P101,285,0,55,230,162,2
2026-06-08,S04,P102,142,0,19,123,48,3
2026-06-08,S04,P201,66,204,29,241,81,2
2026-06-08,S04,P205,194,0,22,172,64,3
2026-06-08,S04,P330,167,0,57,110,129,3
2026-06-08,S04,P331,107,0,29,78,97,1
2026-06-08,S04,P442,344,0,70,274,194,3
2026-06-08,S04,P443,587,0,94,493,259,4
2026-06-08,S04,P501,75,0,9,66,32,1
2026-06-08,S04,P502,70,0,21,49,64,1
2026-06-08,S04,P601,84,0,16,68,48,3
2026-06-08,S04,P701,115,0,12,103,38,4
2026-06-08,S04,P702,68,202,24,246,81,4
2026-06-09,S01,P101,136,489,57,568,187,1
2026-06-09,S01,P102,148,0,15,133,56,1
2026-06-09,S01,P201,65,247,36,276,93,4
2026-06-09,S01,P205,85,0,21,64,75,3
2026-06-09,S01,P330,303,0,53,250,150,2
2026-06-09,S01,P331,248,0,61,187,112,2
2026-06-09,S01,P442,340,0,84,256,225,4
2026-06-09,S01,P443,347,0,113,234,300,3
2026-06-09,S01,P501,32,93,19,106,37,4
2026-06-09,S01,P502,97,0,29,68,75,2
2026-06-09,S01,P601,141,0,13,128,56,3
2026-06-09,S01,P701,112,0,17,95,45,4
2026-06-09,S01,P702,156,0,37,119,93,1
2026-06-09,S02,P101,307,1118,146,1279,427,4
2026-06-09,S02,P102,122,305,45,382,128,4
2026-06-09,S02,P201,382,0,72,310,213,4
2026-06-09,S02,P205,278,0,54,224,171,3
2026-06-09,S02,P330,279,861,177,963,342,1
2026-06-09,S02,P331,338,0,76,262,256,4
2026-06-09,S02,P442,1543,0,169,1374,513,4
2026-06-09,S02,P443,577,1703,223,2057,684,2
2026-06-09,S02,P501,176,0,28,148,85,1
2026-06-09,S02,P502,187,0,47,140,171,3
2026-06-09,S02,P601,239,0,48,191,128,3
2026-06-09,S02,P701,311,0,28,283,102,1
2026-06-09,S02,P702,174,538,78,634,213,2
2026-06-09,S03,P101,304,0,30,274,108,3
2026-06-09,S03,P102,68,0,7,61,32,3
2026-06-09,S03,P201,61,0,17,44,54,1
2026-06-09,S03,P205,110,0,8,102,43,2
2026-06-09,S03,P330,93,0,30,63,86,1
2026-06-09,S03,P331,160,0,29,131,64,4
2026-06-09,S03,P442,311,0,41,270,129,3
2026-06-09,S03,P443,527,0,45,482,172,3
2026-06-09,S03,P501,40,0,5,35,21,4
2026-06-09,S03,P502,126,0,15,111,43,1
2026-06-09,S03,P601,26,81,6,101,32,4
2026-06-09,S03,P701,32,0,8,24,25,4
2026-06-09,S03,P702,106,0,16,90,54,1
2026-06-09,S04,P101,230,0,54,176,162,2
2026-06-09,S04,P102,123,0,14,109,48,2
2026-06-09,S04,P201,241,0,30,211,81,3
2026-06-09,S04,P205,172,0,26,146,64,2
2026-06-09,S04,P330,110,322,47,385,129,2
2026-06-09,S04,P331,78,246,27,297,97,2
2026-06-09,S04,P442,274,0,73,201,194,1
2026-06-09,S04,P443,493,0,135,358,259,2
2026-06-09,S04,P501,66,0,15,51,32,4
2026-06-09,S04,P502,49,167,27,189,64,2
2026-06-09,S04,P601,68,0,18,50,48,4
2026-06-09,S04,P701,103,0,21,82,38,4
2026-06-09,S04,P702,246,0,19,227,81,3
2026-06-10,S01,P101,568,0,56,512,187,2
2026-06-10,S01,P102,133,0,14,119,56,3
2026-06-10,S01,P201,276,0,47,229,93,3
2026-06-10,S01,P205,64,186,25,225,75,3
2026-06-10,S01,P330,250,0,68,182,150,2
2026-06-10,S01,P331,187,0,57,130,112,2
2026-06-10,S01,P442,256,0,82,174,225,3
2026-06-10,S01,P443,234,766,107,893,300,1
2026-06-10,S01,P501,106,0,12,94,37,2
2026-06-10,S01,P502,68,182,26,224,75,1
2026-06-10,S01,P601,128,0,16,112,56,3
2026-06-10,S01,P701,95,0,8,87,45,4
2026-06-10,S01,P702,119,0,38,81,93,4
2026-06-10,S02,P101,1279,0,148,1131,427,4
2026-06-10,S02,P102,382,0,37,345,128,4
2026-06-10,S02,P201,310,0,63,247,213,2
2026-06-10,S02,P205,224,0,53,171,171,1
2026-06-10,S02,P330,963,0,177,786,342,3
2026-06-10,S02,P331,262,0,83,179,256,3
2026-06-10,S02,P442,1374,0,158,1216,513,3
2026-06-10,S02,P443,2057,0,232,1825,684,1
2026-06-10,S02,P501,148,0,25,123,85,2
2026-06-10,S02,P502,140,430,45,525,171,1
2026-06-10,S02,P601,191,0,38,153,128,4
2026-06-10,S02,P701,283,0,45,238,102,1
2026-06-10,S02,P702,634,0,83,551,213,2
2026-06-10,S03,P101,274,0,40,234,108,2
2026-06-10,S03,P102,61,0,12,49,32,3
2026-06-10,S03,P201,44,136,20,160,54,1
2026-06-10,S03,P205,102,0,16,86,43,2
2026-06-10,S03,P330,63,225,28,260,86,1
2026-06-10,S03,P331,131,0,11,120,64,3
2026-06-10,S03,P442,270,0,39,231,129,1
2026-06-10,S03,P443,482,0,68,414,172,1
2026-06-10,S03,P501,35,0,7,28,21,1
2026-06-10,S03,P502,111,0,21,90,43,2
2026-06-10,S03,P601,101,0,15,86,32,1
2026-06-10,S03,P701,24,62,9,77,25,4
2026-06-10,S03,P702,90,0,15,75,54,4
2026-06-10,S04,P101,176,0,54,122,162,3
2026-06-10,S04,P102,109,0,26,83,48,1
2026-06-10,S04,P201,211,0,26,185,81,1
2026-06-10,S04,P205,146,0,27,119,64,2
2026-06-10,S04,P330,385,0,51,334,129,3
2026-06-10,S04,P331,297,0,27,270,97,4
2026-06-10,S04,P442,201,0,64,137,194,3
2026-06-10,S04,P443,358,0,95,263,259,3
2026-06-10,S04,P501,51,0,16,35,32,2
2026-06-10,S04,P502,189,0,22,167,64,4
2026-06-10,S04,P601,50,0,24,26,48,3
2026-06-10,S04,P701,82,0,13,69,38,1
2026-06-10,S04,P702,227,0,17,210,81,4
2026-06-11,S01,P101,512,0,66,446,187,3
2026-06-11,S01,P102,119,0,23,96,56,2
2026-06-11,S01,P201,229,0,35,194,93,1
2026-06-11,S01,P205,225,0,24,201,75,2
2026-06-11,S01,P330,182,0,65,117,150,3
2026-06-11,S01,P331,130,0,37,93,112,3
2026-06-11,S01,P442,174,576,69,681,225,3
2026-06-11,S01,P443,893,0,92,801,300,1
2026-06-11,S01,P501,94,0,13,81,37,1
2026-06-11,S01,P502,224,0,19,205,75,3
2026-06-11,S01,P601,112,0,17,95,56,1
2026-06-11,S01,P701,87,0,13,74,45,4
2026-06-11,S01,P702,81,231,32,280,93,2
2026-06-11,S02,P101,1131,0,155,976,427,3
2026-06-11,S02,P102,345,0,44,301,128,2
2026-06-11,S02,P201,247,0,76,171,213,2
2026-06-11,S02,P205,171,399,44,526,171,3
2026-06-11,S02,P330,786,0,116,670,342,3
2026-06-11,S02,P331,179,676,99,756,256,1
2026-06-11,S02,P442,1216,0,169,1047,513,1
2026-06-11,S02,P443,1825,0,349,1476,684,1
2026-06-11,S02,P501,123,0,32,91,85,4
2026-06-11,S02,P502,525,0,60,465,171,4
2026-06-11,S02,P601,153,0,40,113,128,3
2026-06-11,S02,P701,238,0,35,203,102,3
2026-06-11,S02,P702,551,0,67,484,213,2
2026-06-11,S03,P101,234,0,37,197,108,1
2026-06-11,S03,P102,49,0,13,36,32,2
2026-06-11,S03,P201,160,0,20,140,54,2
2026-06-11,S03,P205,86,0,18,68,43,3
2026-06-11,S03,P330,260,0,34,226,86,2
2026-06-11,S03,P331,120,0,23,97,64,4
2026-06-11,S03,P442,231,0,41,190,129,4
2026-06-11,S03,P443,414,0,59,355,172,3
2026-06-11,S03,P501,28,0,9,19,21,4
2026-06-11,S03,P502,90,0,13,77,43,3
2026-06-11,S03,P601,86,0,15,71,32,3
2026-06-11,S03,P701,77,0,8,69,25,1
2026-06-11,S03,P702,75,0,21,54,54,2
2026-06-11,S04,P101,122,418,65,475,162,4
2026-06-11,S04,P102,83,0,11,72,48,3
2026-06-11,S04,P201,185,0,26,159,81,3
2026-06-11,S04,P205,119,0,26,93,64,4
2026-06-11,S04,P330,334,0,47,287,129,2
2026-06-11,S04,P331,270,0,53,217,97,3
2026-06-11,S04,P442,137,511,63,585,194,1
2026-06-11,S04,P443,263,0,71,192,259,1
2026-06-11,S04,P501,35,0,12,23,32,3
2026-06-11,S04,P502,167,0,22,145,64,2
2026-06-11,S04,P601,26,136,13,149,48,4
2026-06-11,S04,P701,69,0,18,51,38,1
2026-06-11,S04,P702,210,0,46,164,81,4
2026-06-12,S01,P101,446,0,59,387,187,1
2026-06-12,S01,P102,96,0,35,61,56,1
2026-06-12,S01,P201,194,0,36,158,93,4
2026-06-12,S01,P205,201,0,23,178,75,4
2026-06-12,S01,P330,117,383,48,452,150,2
2026-06-12,S01,P331,93,282,42,333,112,2
2026-06-12,S01,P442,681,0,78,603,225,3
2026-06-12,S01,P443,801,0,81,720,300,2
2026-06-12,S01,P501,81,0,15,66,37,3
2026-06-12,S01,P502,205,0,30,175,75,2
2026-06-12,S01,P601,95,0,14,81,56,3
2026-06-12,S01,P701,74,0,19,55,45,4
2026-06-12,S01,P702,280,0,35,245,93,2
2026-06-12,S02,P101,976,0,138,838,427,1
2026-06-12,S02,P102,301,0,46,255,128,3
2026-06-12,S02,P201,171,541,72,640,213,4
2026-06-12,S02,P205,526,0,59,467,171,4
2026-06-12,S02,P330,670,0,110,560,342,3
2026-06-12,S02,P331,756,0,100,656,256,4
2026-06-12,S02,P442,1047,0,184,863,513,3
2026-06-12,S02,P443,1476,0,200,1276,684,2
2026-06-12,S02,P501,91,0,32,59,85,2
2026-06-12,S02,P502,465,0,51,414,171,1
2026-06-12,S02,P601,113,314,30,397,128,3
2026-06-12,S02,P701,203,0,18,185,102,3
2026-06-12,S02,P702,484,0,80,404,213,4
2026-06-12,S03,P101,197,0,39,158,108,2
2026-06-12,S03,P102,36,0,21,15,32,2
2026-06-12,S03,P201,140,0,19,121,54,2
2026-06-12,S03,P205,68,0,11,57,43,1
2026-06-12,S03,P330,226,0,45,181,86,3
2026-06-12,S03,P331,97,0,19,78,64,4
2026-06-12,S03,P442,190,0,48,142,129,1
2026-06-12,S03,P443,355,0,65,290,172,1
2026-06-12,S03,P501,19,53,4,68,21,1
2026-06-12,S03,P502,77,0,20,57,43,3
2026-06-12,S03,P601,71,0,13,58,32,3
2026-06-12,S03,P701,69,0,12,57,25,1
2026-06-12,S03,P702,54,126,17,163,54,1
2026-06-12,S04,P101,475,0,62,413,162,3
2026-06-12,S04,P102,72,0,14,58,48,4
2026-06-12,S04,P201,159,0,31,128,81,4
2026-06-12,S04,P205,93,0,18,75,64,4
2026-06-12,S04,P330,287,0,38,249,129,1
2026-06-12,S04,P331,217,0,39,178,97,3
2026-06-12,S04,P442,585,0,67,518,194,2
2026-06-12,S04,P443,192,672,80,784,259,3
2026-06-12,S04,P501,23,85,9,99,32,2
2026-06-12,S04,P502,145,0,26,119,64,3
2026-06-12,S04,P601,149,0,24,125,48,3
2026-06-12,S04,P701,51,0,17,34,38,3
2026-06-12,S04,P702,164,0,31,133,81,3
2026-06-13,S01,P101,387,0,84,303,187,3
2026-06-13,S01,P102,61,0,21,40,56,1
2026-06-13,S01,P201,158,0,39,119,93,4
2026-06-13,S01,P205,178,0,31,147,75,3
2026-06-13,S01,P330,452,0,56,396,150,4
2026-06-13,S01,P331,333,0,54,279,112,4
2026-06-13,S01,P442,603,0,98,505,225,3
2026-06-13,S01,P443,720,0,119,601,300,3
2026-06-13,S01,P501,66,0,13,53,37,2
2026-06-13,S01,P502,175,0,28,147,75,2
2026-06-13,S01,P601,81,0,42,39,56,4
2026-06-13,S01,P701,55,0,19,36,45,2
2026-06-13,S01,P702,245,0,44,201,93,2
2026-06-13,S02,P101,838,0,171,667,427,2
2026-06-13,S02,P102,255,0,72,183,128,3
2026-06-13,S02,P201,640,0,84,556,213,3
2026-06-13,S02,P205,467,0,66,401,171,1
2026-06-13,S02,P330,560,0,161,399,342,3
2026-06-13,S02,P331,656,0,103,553,256,2
2026-06-13,S02,P442,863,0,246,617,513,3
2026-06-13,S02,P443,1276,0,283,993,684,3
2026-06-13,S02,P501,59,226,30,255,85,1
2026-06-13,S02,P502,414,0,74,340,171,4
2026-06-13,S02,P601,397,0,51,346,128,1
2026-06-13,S02,P701,185,0,47,138,102,2
2026-06-13,S02,P702,404,0,101,303,213,2
2026-06-13,S03,P101,158,0,34,124,108,3
2026-06-13,S03,P102,15,92,16,91,32,4
2026-06-13,S03,P201,121,0,21,100,54,1
2026-06-13,S03,P205,57,0,13,44,43,3
2026-06-13,S03,P330,181,0,35,146,86,4
2026-06-13,S03,P331,78,0,19,59,64,3
2026-06-13,S03,P442,142,0,53,89,129,2
2026-06-13,S03,P443,290,0,75,215,172,3
2026-06-13,S03,P501,68,0,12,56,21,3
2026-06-13,S03,P502,57,0,22,35,43,2
2026-06-13,S03,P601,58,0,18,40,32,4
2026-06-13,S03,P701,57,0,12,45,25,1
2026-06-13,S03,P702,163,0,17,146,54,2
2026-06-13,S04,P101,413,0,78,335,162,3
2026-06-13,S04,P102,58,0,15,43,48,2
2026-06-13,S04,P201,128,0,47,81,81,2
2026-06-13,S04,P205,75,0,26,49,64,2
2026-06-13,S04,P330,249,0,60,189,129,4
2026-06-13,S04,P331,178,0,50,128,97,4
2026-06-13,S04,P442,518,0,84,434,194,3
2026-06-13,S04,P443,784,0,112,672,259,2
2026-06-13,S04,P501,99,0,7,92,32,2
2026-06-13,S04,P502,119,0,34,85,64,2
2026-06-13,S04,P601,125,0,23,102,48,3
2026-06-13,S04,P701,34,95,23,106,38,1
2026-06-13,S04,P702,133,0,34,99,81,4
2026-06-14,S01,P101,303,0,85,218,187,2
2026-06-14,S01,P102,40,147,37,150,56,1
2026-06-14,S01,P201,119,0,43,76,93,3
2026-06-14,S01,P205,147,0,59,88,75,4
2026-06-14,S01,P330,396,0,101,295,150,4
2026-06-14,S01,P331,279,0,48,231,112,2
2026-06-14,S01,P442,505,0,81,424,225,1
2026-06-14,S01,P443,601,0,121,480,300,3
2026-06-14,S01,P501,53,0,16,37,37,4
2026-06-14,S01,P502,147,0,28,119,75,4
2026-06-14,S01,P601,39,148,28,159,56,3
2026-06-14,S01,P701,36,114,20,130,45,3
2026-06-14,S01,P702,201,0,46,155,93,1
2026-06-14,S02,P101,667,0,160,507,427,3
2026-06-14,S02,P102,183,0,88,95,128,4
2026-06-14,S02,P201,556,0,140,416,213,2
2026-06-14,S02,P205,401,0,76,325,171,3
2026-06-14,S02,P330,399,0,154,245,342,2
2026-06-14,S02,P331,553,0,109,444,256,3
2026-06-14,S02,P442,617,0,327,290,513,1
2026-06-14,S02,P443,993,0,286,707,684,2
2026-06-14,S02,P501,255,0,40,215,85,2
2026-06-14,S02,P502,340,0,72,268,171,2
2026-06-14,S02,P601,346,0,58,288,128,4
2026-06-14,S02,P701,138,0,56,82,102,4
2026-06-14,S02,P702,303,0,92,211,213,1
2026-06-14,S03,P101,124,0,52,72,108,4
2026-06-14,S03,P102,91,0,15,76,32,3
2026-06-14,S03,P201,100,0,41,59,54,1
2026-06-14,S03,P205,44,0,15,29,43,2
2026-06-14,S03,P330,146,0,33,113,86,4
2026-06-14,S03,P331,59,156,44,171,64,2
2026-06-14,S03,P442,89,342,51,380,129,3
2026-06-14,S03,P443,215,0,94,121,172,1
2026-06-14,S03,P501,56,0,8,48,21,2
2026-06-14,S03,P502,35,109,15,129,43,4
2026-06-14,S03,P601,40,0,18,22,32,3
2026-06-14,S03,P701,45,0,12,33,25,4
2026-06-14,S03,P702,146,0,21,125,54,3
2026-06-14,S04,P101,335,0,69,266,162,2
2026-06-14,S04,P102,43,119,22,140,48,4
2026-06-14,S04,P201,81,189,43,227,81,4
2026-06-14,S04,P205,49,167,26,190,64,1
2026-06-14,S04,P330,189,0,62,127,129,2
2026-06-14,S04,P331,128,0,41,87,97,3
2026-06-14,S04,P442,434,0,68,366,194,3
2026-06-14,S04,P443,672,0,101,571,259,2
2026-06-14,S04,P501,92,0,14,78,32,4
2026-06-14,S04,P502,85,0,27,58,64,1
2026-06-14,S04,P601,102,0,18,84,48,1
2026-06-14,S04,P701,106,0,12,94,38,3
2026-06-14,S04,P702,99,0,56,43,81,1
2026-06-15,S01,P101,218,0,59,159,187,4
2026-06-15,S01,P102,150,0,28,122,56,1
2026-06-15,S01,P201,76,236,49,263,93,3
2026-06-15,S01,P205,88,0,31,57,75,4
2026-06-15,S01,P330,295,0,51,244,150,3
2026-06-15,S01,P331,231,0,33,198,112,1
2026-06-15,S01,P442,424,0,53,371,225,4
2026-06-15,S01,P443,480,0,85,395,300,1
2026-06-15,S01,P501,37,88,12,113,37,1
2026-06-15,S01,P502,119,0,21,98,75,3
2026-06-15,S01,P601,159,0,32,127,56,3
2026-06-15,S01,P701,130,0,30,100,45,1
2026-06-15,S01,P702,155,0,63,92,93,2
2026-06-15,S02,P101,507,0,131,376,427,3
2026-06-15,S02,P102,95,332,42,385,128,4
2026-06-15,S02,P201,416,0,51,365,213,2
2026-06-15,S02,P205,325,0,54,271,171,2
2026-06-15,S02,P330,245,895,107,1033,342,1
2026-06-15,S02,P331,444,0,76,368,256,2
2026-06-15,S02,P442,290,1420,152,1558,513,4
2026-06-15,S02,P443,707,0,199,508,684,3
2026-06-15,S02,P501,215,0,26,189,85,1
2026-06-15,S02,P502,268,0,51,217,171,3
2026-06-15,S02,P601,288,0,44,244,128,1
2026-06-15,S02,P701,82,260,33,309,102,3
2026-06-15,S02,P702,211,501,71,641,213,2
2026-06-15,S03,P101,72,288,45,315,108,2
2026-06-15,S03,P102,76,0,12,64,32,1
2026-06-15,S03,P201,59,0,22,37,54,4
2026-06-15,S03,P205,29,115,16,128,43,2
2026-06-15,S03,P330,113,0,27,86,86,2
2026-06-15,S03,P331,171,0,13,158,64,2
2026-06-15,S03,P442,380,0,55,325,129,3
2026-06-15,S03,P443,121,455,54,522,172,2
2026-06-15,S03,P501,48,0,10,38,21,2
2026-06-15,S03,P502,129,0,20,109,43,1
2026-06-15,S03,P601,22,85,20,87,32,1
2026-06-15,S03,P701,33,0,5,28,25,4
2026-06-15,S03,P702,125,0,19,106,54,1
2026-06-15,S04,P101,266,0,44,222,162,3
2026-06-15,S04,P102,140,0,12,128,48,2
2026-06-15,S04,P201,227,0,23,204,81,2
2026-06-15,S04,P205,190,0,20,170,64,1
2026-06-15,S04,P330,127,305,41,391,129,1
2026-06-15,S04,P331,87,237,25,299,97,4
2026-06-15,S04,P442,366,0,65,301,194,1
2026-06-15,S04,P443,571,0,88,483,259,4
2026-06-15,S04,P501,78,0,16,62,32,1
2026-06-15,S04,P502,58,158,21,195,64,3
2026-06-15,S04,P601,84,0,12,72,48,2
2026-06-15,S04,P701,94,0,17,77,38,1
2026-06-15,S04,P702,43,227,18,252,81,3
2026-06-16,S01,P101,159,466,48,577,187,4
2026-06-16,S01,P102,122,0,29,93,56,3
2026-06-16,S01,P201,263,0,29,234,93,3
2026-06-16,S01,P205,57,193,26,224,75,3
2026-06-16,S01,P330,244,0,49,195,150,1
2026-06-16,S01,P331,198,0,57,141,112,3
2026-06-16,S01,P442,371,0,83,288,225,3
2026-06-16,S01,P443,395,0,92,303,300,4
2026-06-16,S01,P501,113,0,13,100,37,3
2026-06-16,S01,P502,98,0,29,69,75,4
2026-06-16,S01,P601,127,0,19,108,56,1
2026-06-16,S01,P701,100,0,13,87,45,4
2026-06-16,S01,P702,92,220,32,280,93,1
2026-06-16,S02,P101,376,1049,145,1280,427,1
2026-06-16,S02,P102,385,0,46,339,128,4
2026-06-16,S02,P201,365,0,61,304,213,4
2026-06-16,S02,P205,271,0,74,197,171,2
2026-06-16,S02,P330,1033,0,114,919,342,3
2026-06-16,S02,P331,368,0,86,282,256,2
2026-06-16,S02,P442,1558,0,157,1401,513,3
2026-06-16,S02,P443,508,1772,251,2029,684,3
2026-06-16,S02,P501,189,0,33,156,85,3
2026-06-16,S02,P502,217,0,48,169,171,3
2026-06-16,S02,P601,244,0,48,196,128,4
2026-06-16,S02,P701,309,0,33,276,102,4
2026-06-16,S02,P702,641,0,79,562,213,4
2026-06-16,S03,P101,315,0,51,264,108,2
2026-06-16,S03,P102,64,0,9,55,32,4
2026-06-16,S03,P201,37,143,25,155,54,2
2026-06-16,S03,P205,128,0,19,109,43,3
2026-06-16,S03,P330,86,202,35,253,86,1
2026-06-16,S03,P331,158,0,19,139,64,2
2026-06-16,S03,P442,325,0,38,287,129,4
2026-06-16,S03,P443,522,0,61,461,172,3
2026-06-16,S03,P501,38,0,10,28,21,1
2026-06-16,S03,P502,109,0,20,89,43,1
2026-06-16,S03,P601,87,0,15,72,32,2
2026-06-16,S03,P701,28,0,5,23,25,4
2026-06-16,S03,P702,106,0,15,91,54,4
2026-06-16,S04,P101,222,0,49,173,162,2
2026-06-16,S04,P102,128,0,23,105,48,3
2026-06-16,S04,P201,204,0,20,184,81,1
2026-06-16,S04,P205,170,0,17,153,64,1
2026-06-16,S04,P330,391,0,34,357,129,2
2026-06-16,S04,P331,299,0,47,252,97,2
2026-06-16,S04,P442,301,0,86,215,194,3
2026-06-16,S04,P443,483,0,82,401,259,3
2026-06-16,S04,P501,62,0,15,47,32,2
2026-06-16,S04,P502,195,0,25,170,64,3
2026-06-16,S04,P601,72,0,16,56,48,1
2026-06-16,S04,P701,77,0,20,57,38,3
2026-06-16,S04,P702,252,0,24,228,81,2
2026-06-17,S01,P101,577,0,62,515,187,4
2026-06-17,S01,P102,93,0,20,73,56,4
2026-06-17,S01,P201,234,0,22,212,93,4
2026-06-17,S01,P205,224,0,19,205,75,3
2026-06-17,S01,P330,195,0,75,120,150,1
2026-06-17,S01,P331,141,0,33,108,112,1
2026-06-17,S01,P442,288,0,79,209,225,4
2026-06-17,S01,P443,303,0,118,185,300,4
2026-06-17,S01,P501,100,0,12,88,37,3
2026-06-17,S01,P502,69,181,24,226,75,4
2026-06-17,S01,P601,108,0,25,83,56,3
2026-06-17,S01,P701,87,0,15,72,45,2
2026-06-17,S01,P702,280,0,32,248,93,2
2026-06-17,S02,P101,1280,0,158,1122,427,4
2026-06-17,S02,P102,339,0,32,307,128,4
2026-06-17,S02,P201,304,0,70,234,213,3
2026-06-17,S02,P205,197,0,60,137,171,4
2026-06-17,S02,P330,919,0,110,809,342,3
2026-06-17,S02,P331,282,0,78,204,256,1
2026-06-17,S02,P442,1401,0,166,1235,513,4
2026-06-17,S02,P443,2029,0,228,1801,684,1
2026-06-17,S02,P501,156,0,35,121,85,4
2026-06-17,S02,P502,169,401,56,514,171,3
2026-06-17,S02,P601,196,0,30,166,128,3
2026-06-17,S02,P701,276,0,29,247,102,3
2026-06-17,S02,P702,562,0,80,482,213,3
2026-06-17,S03,P101,264,0,31,233,108,4
2026-06-17,S03,P102,55,0,9,46,32,3
2026-06-17,S03,P201,155,0,16,139,54,2
2026-06-17,S03,P205,109,0,15,94,43,4
2026-06-17,S03,P330,253,0,15,238,86,2
2026-06-17,S03,P331,139,0,17,122,64,2
2026-06-17,S03,P442,287,0,50,237,129,1
2026-06-17,S03,P443,461,0,58,403,172,3
2026-06-17,S03,P501,28,0,8,20,21,3
2026-06-17,S03,P502,89,0,17,72,43,1
2026-06-17,S03,P601,72,0,13,59,32,3
2026-06-17,S03,P701,23,63,12,74,25,4
2026-06-17,S03,P702,91,0,22,69,54,2
2026-06-17,S04,P101,173,0,91,82,162,3
2026-06-17,S04,P102,105,0,24,81,48,3
2026-06-17,S04,P201,184,0,22,162,81,3
2026-06-17,S04,P205,153,0,16,137,64,3
2026-06-17,S04,P330,357,0,38,319,129,2
2026-06-17,S04,P331,252,0,54,198,97,3
2026-06-17,S04,P442,215,0,55,160,194,4
2026-06-17,S04,P443,401,0,98,303,259,4
2026-06-17,S04,P501,47,0,15,32,32,2
2026-06-17,S04,P502,170,0,17,153,64,1
2026-06-17,S04,P601,56,0,15,41,48,4
2026-06-17,S04,P701,57,0,10,47,38,1
2026-06-17,S04,P702,228,0,33,195,81,4
2026-06-18,S01,P101,515,0,75,440,187,2
2026-06-18,S01,P102,73,0,16,57,56,2
2026-06-18,S01,P201,212,0,29,183,93,2
2026-06-18,S01,P205,205,0,24,181,75,2
2026-06-18,S01,P330,120,380,60,440,150,1
2026-06-18,S01,P331,108,267,44,331,112,4
2026-06-18,S01,P442,209,541,79,671,225,2
2026-06-18,S01,P443,185,815,96,904,300,2
2026-06-18,S01,P501,88,0,9,79,37,1
2026-06-18,S01,P502,226,0,25,201,75,4
2026-06-18,S01,P601,83,0,19,64,56,1
2026-06-18,S01,P701,72,0,20,52,45,2
2026-06-18,S01,P702,248,0,36,212,93,3
2026-06-18,S02,P101,1122,0,150,972,427,4
2026-06-18,S02,P102,307,0,54,253,128,1
2026-06-18,S02,P201,234,0,101,133,213,1
2026-06-18,S02,P205,137,433,51,519,171,3
2026-06-18,S02,P330,809,0,112,697,342,1
2026-06-18,S02,P331,204,651,84,771,256,1
2026-06-18,S02,P442,1235,0,164,1071,513,4
2026-06-18,S02,P443,1801,0,235,1566,684,1
2026-06-18,S02,P501,121,0,22,99,85,1
2026-06-18,S02,P502,514,0,70,444,171,4
2026-06-18,S02,P601,166,0,35,131,128,1
2026-06-18,S02,P701,247,0,26,221,102,2
2026-06-18,S02,P702,482,0,62,420,213,2
2026-06-18,S03,P101,233,0,36,197,108,3
2026-06-18,S03,P102,46,0,9,37,32,2
2026-06-18,S03,P201,139,0,24,115,54,4
2026-06-18,S03,P205,94,0,11,83,43,2
2026-06-18,S03,P330,238,0,23,215,86,2
2026-06-18,S03,P331,122,0,27,95,64,2
2026-06-18,S03,P442,237,0,52,185,129,1
2026-06-18,S03,P443,403,0,60,343,172,4
2026-06-18,S03,P501,20,52,9,63,21,3
2026-06-18,S03,P502,72,0,22,50,43,4
2026-06-18,S03,P601,59,0,14,45,32,2
2026-06-18,S03,P701,74,0,10,64,25,4
2026-06-18,S03,P702,69,0,17,52,54,2
2026-06-18,S04,P101,82,458,45,495,162,1
2026-06-18,S04,P102,81,0,26,55,48,4
2026-06-18,S04,P201,162,0,41,121,81,1
2026-06-18,S04,P205,137,0,16,121,64,4
2026-06-18,S04,P330,319,0,49,270,129,2
2026-06-18,S04,P331,198,0,31,167,97,3
2026-06-18,S04,P442,160,488,63,585,194,4
2026-06-18,S04,P443,303,0,77,226,259,1
2026-06-18,S04,P501,32,76,11,97,32,3
2026-06-18,S04,P502,153,0,13,140,64,4
2026-06-18,S04,P601,41,121,19,143,48,3
2026-06-18,S04,P701,47,0,14,33,38,3
2026-06-18,S04,P702,195,0,26,169,81,1
2026-06-19,S01,P101,440,0,51,389,187,2
2026-06-19,S01,P102,57,0,18,39,56,4
2026-06-19,S01,P201,183,0,25,158,93,1
2026-06-19,S01,P205,181,0,29,152,75,1
2026-06-19,S01,P330,440,0,56,384,150,2
2026-06-19,S01,P331,331,0,38,293,112,3
2026-06-19,S01,P442,671,0,66,605,225,3
2026-06-19,S01,P443,904,0,115,789,300,3
2026-06-19,S01,P501,79,0,8,71,37,4
2026-06-19,S01,P502,201,0,31,170,75,1
2026-06-19,S01,P601,64,0,30,34,56,4
2026-06-19,S01,P701,52,0,19,33,45,3
2026-06-19,S01,P702,212,0,40,172,93,1
2026-06-19,S02,P101,972,0,134,838,427,4
2026-06-19,S02,P102,253,0,40,213,128,2
2026-06-19,S02,P201,133,579,63,649,213,2
2026-06-19,S02,P205,519,0,74,445,171,1
2026-06-19,S02,P330,697,0,171,526,342,4
2026-06-19,S02,P331,771,0,80,691,256,3
2026-06-19,S02,P442,1071,0,166,905,513,1
2026-06-19,S02,P443,1566,0,345,1221,684,4
2026-06-19,S02,P501,99,0,21,78,85,1
2026-06-19,S02,P502,444,0,72,372,171,4
2026-06-19,S02,P601,131,0,42,89,128,1
2026-06-19,S02,P701,221,0,35,186,102,1
2026-06-19,S02,P702,420,0,77,343,213,4
2026-06-19,S03,P101,197,0,45,152,108,3
2026-06-19,S03,P102,37,0,5,32,32,2
2026-06-19,S03,P201,115,0,23,92,54,4
2026-06-19,S03,P205,83,0,13,70,43,3
2026-06-19,S03,P330,215,0,23,192,86,3
2026-06-19,S03,P331,95,0,37,58,64,4
2026-06-19,S03,P442,185,0,40,145,129,2
2026-06-19,S03,P443,343,0,69,274,172,4
2026-06-19,S03,P501,63,0,2,61,21,3
2026-06-19,S03,P502,50,0,17,33,43,3
2026-06-19,S03,P601,45,0,11,34,32,4
2026-06-19,S03,P701,64,0,7,57,25,3
2026-06-19,S03,P702,52,128,23,157,54,4
2026-06-19,S04,P101,495,0,41,454,162,1
2026-06-19,S04,P102,55,0,15,40,48,2
2026-06-19,S04,P201,121,0,29,92,81,3
2026-06-19,S04,P205,121,0,21,100,64,2
2026-06-19,S04,P330,270,0,42,228,129,3
2026-06-19,S04,P331,167,0,31,136,97,4
2026-06-19,S04,P442,585,0,72,513,194,4
2026-06-19,S04,P443,226,638,79,785,259,3
2026-06-19,S04,P501,97,0,9,88,32,4
2026-06-19,S04,P502,140,0,17,123,64,4
2026-06-19,S04,P601,143,0,14,129,48,2
2026-06-19,S04,P701,33,96,14,115,38,3
2026-06-19,S04,P702,169,0,29,140,81,3
2026-06-20,S01,P101,389,0,74,315,187,1
2026-06-20,S01,P102,39,148,20,167,56,3
2026-06-20,S01,P201,158,0,39,119,93,1
2026-06-20,S01,P205,152,0,36,116,75,1
2026-06-20,S01,P330,384,0,70,314,150,3
2026-06-20,S01,P331,293,0,38,255,112,4
2026-06-20,S01,P442,605,0,99,506,225,1
2026-06-20,S01,P443,789,0,133,656,300,2
2026-06-20,S01,P501,71,0,8,63,37,4
2026-06-20,S01,P502,170,0,30,140,75,1
2026-06-20,S01,P601,34,153,27,160,56,1
2026-06-20,S01,P701,33,117,29,121,45,2
2026-06-20,S01,P702,172,0,33,139,93,1
2026-06-20,S02,P101,838,0,260,578,427,4
2026-06-20,S02,P102,213,0,39,174,128,2
2026-06-20,S02,P201,649,0,91,558,213,3
2026-06-20,S02,P205,445,0,65,380,171,4
2026-06-20,S02,P330,526,0,162,364,342,2
2026-06-20,S02,P331,691,0,123,568,256,3
2026-06-20,S02,P442,905,0,327,578,513,2
2026-06-20,S02,P443,1221,0,315,906,684,2
2026-06-20,S02,P501,78,207,35,250,85,2
2026-06-20,S02,P502,372,0,79,293,171,4
2026-06-20,S02,P601,89,338,46,381,128,4
2026-06-20,S02,P701,186,0,47,139,102,1
2026-06-20,S02,P702,343,0,94,249,213,2
2026-06-20,S03,P101,152,0,56,96,108,1
2026-06-20,S03,P102,32,75,8,99,32,1
2026-06-20,S03,P201,92,0,21,71,54,4
2026-06-20,S03,P205,70,0,16,54,43,3
2026-06-20,S03,P330,192,0,35,157,86,3
2026-06-20,S03,P331,58,157,35,180,64,3
2026-06-20,S03,P442,145,0,59,86,129,4
2026-06-20,S03,P443,274,0,71,203,172,4
2026-06-20,S03,P501,61,0,8,53,21,1
2026-06-20,S03,P502,33,111,18,126,43,2
2026-06-20,S03,P601,34,0,12,22,32,2
2026-06-20,S03,P701,57,0,19,38,25,3
2026-06-20,S03,P702,157,0,27,130,54,3
2026-06-20,S04,P101,454,0,75,379,162,4
2026-06-20,S04,P102,40,122,19,143,48,4
2026-06-20,S04,P201,92,0,47,45,81,2
2026-06-20,S04,P205,100,0,23,77,64,2
2026-06-20,S04,P330,228,0,60,168,129,3
2026-06-20,S04,P331,136,0,45,91,97,1
2026-06-20,S04,P442,513,0,76,437,194,2
2026-06-20,S04,P443,785,0,117,668,259,4
2026-06-20,S04,P501,88,0,10,78,32,4
2026-06-20,S04,P502,123,0,24,99,64,1
2026-06-20,S04,P601,129,0,18,111,48,4
2026-06-20,S04,P701,115,0,21,94,38,3
2026-06-20,S04,P702,140,0,29,111,81,4
2026-06-21,S01,P101,315,0,85,230,187,4
2026-06-21,S01,P102,167,0,27,140,56,1
2026-06-21,S01,P201,119,0,41,78,93,3
2026-06-21,S01,P205,116,0,27,89,75,4
2026-06-21,S01,P330,314,0,52,262,150,1
2026-06-21,S01,P331,255,0,47,208,112,1
2026-06-21,S01,P442,506,0,107,399,225,1
2026-06-21,S01,P443,656,0,120,536,300,1
2026-06-21,S01,P501,63,0,11,52,37,1
2026-06-21,S01,P502,140,0,40,100,75,4
2026-06-21,S01,P601,160,0,19,141,56,4
2026-06-21,S01,P701,121,0,21,100,45,3
2026-06-21,S01,P702,139,0,39,100,93,2
2026-06-21,S02,P101,578,0,204,374,427,1
2026-06-21,S02,P102,174,0,57,117,128,1
2026-06-21,S02,P201,558,0,71,487,213,3
2026-06-21,S02,P205,380,0,67,313,171,2
2026-06-21,S02,P330,364,0,228,136,342,1
2026-06-21,S02,P331,568,0,92,476,256,3
2026-06-21,S02,P442,578,0,251,327,513,2
2026-06-21,S02,P443,906,0,267,639,684,3
2026-06-21,S02,P501,250,0,33,217,85,4
2026-06-21,S02,P502,293,0,53,240,171,3
2026-06-21,S02,P601,381,0,41,340,128,3
2026-06-21,S02,P701,139,0,49,90,102,3
2026-06-21,S02,P702,249,0,82,167,213,1
2026-06-21,S03,P101,96,264,54,306,108,4
2026-06-21,S03,P102,99,0,5,94,32,3
2026-06-21,S03,P201,71,0,21,50,54,3
2026-06-21,S03,P205,54,0,23,31,43,1
2026-06-21,S03,P330,157,0,46,111,86,4
2026-06-21,S03,P331,180,0,27,153,64,1
2026-06-21,S03,P442,86,345,45,386,129,1
2026-06-21,S03,P443,203,0,85,118,172,1
2026-06-21,S03,P501,53,0,8,45,21,3
2026-06-21,S03,P502,126,0,21,105,43,4
2026-06-21,S03,P601,22,85,15,92,32,3
2026-06-21,S03,P701,38,0,11,27,25,2
2026-06-21,S03,P702,130,0,29,101,54,2
2026-06-21,S04,P101,379,0,60,319,162,1
2026-06-21,S04,P102,143,0,22,121,48,2
2026-06-21,S04,P201,45,225,35,235,81,4
2026-06-21,S04,P205,77,0,37,40,64,4
2026-06-21,S04,P330,168,0,55,113,129,1
2026-06-21,S04,P331,91,233,43,281,97,3
2026-06-21,S04,P442,437,0,89,348,194,3
2026-06-21,S04,P443,668,0,126,542,259,2
2026-06-21,S04,P501,78,0,10,68,32,4
2026-06-21,S04,P502,99,0,25,74,64,3
2026-06-21,S04,P601,111,0,12,99,48,4
2026-06-21,S04,P701,94,0,27,67,38,2
2026-06-21,S04,P702,111,0,35,76,81,4
2026-06-22,S01,P101,230,0,71,159,187,1
2026-06-22,S01,P102,140,0,23,117,56,1
2026-06-22,S01,P201,78,234,35,277,93,1
2026-06-22,S01,P205,89,0,43,46,75,3
2026-06-22,S01,P330,262,0,44,218,150,4
2026-06-22,S01,P331,208,0,44,164,112,2
2026-06-22,S01,P442,399,0,137,262,225,4
2026-06-22,S01,P443,536,0,93,443,300,3
2026-06-22,S01,P501,52,0,29,23,37,2
2026-06-22,S01,P502,100,0,25,75,75,3
2026-06-22,S01,P601,141,0,14,127,56,1
2026-06-22,S01,P701,100,0,10,90,45,4
2026-06-22,S01,P702,100,0,35,65,93,2
2026-06-22,S02,P101,374,1051,151,1274,427,1
2026-06-22,S02,P102,117,310,41,386,128,2
2026-06-22,S02,P201,487,0,69,418,213,3
2026-06-22,S02,P205,313,0,62,251,171,4
2026-06-22,S02,P330,136,1004,113,1027,342,2
2026-06-22,S02,P331,476,0,84,392,256,1
2026-06-22,S02,P442,327,1383,171,1539,513,2
2026-06-22,S02,P443,639,1641,250,2030,684,4
2026-06-22,S02,P501,217,0,24,193,85,2
2026-06-22,S02,P502,240,0,52,188,171,4
2026-06-22,S02,P601,340,0,77,263,128,1
2026-06-22,S02,P701,90,252,58,284,102,2
2026-06-22,S02,P702,167,545,75,637,213,4
2026-06-22,S03,P101,306,0,44,262,108,2
2026-06-22,S03,P102,94,0,18,76,32,4
2026-06-22,S03,P201,50,130,10,170,54,3
2026-06-22,S03,P205,31,113,14,130,43,1
2026-06-22,S03,P330,111,0,26,85,86,3
2026-06-22,S03,P331,153,0,21,132,64,3
2026-06-22,S03,P442,386,0,57,329,129,4
2026-06-22,S03,P443,118,458,80,496,172,1
2026-06-22,S03,P501,45,0,5,40,21,1
2026-06-22,S03,P502,105,0,13,92,43,1
2026-06-22,S03,P601,92,0,9,83,32,3
2026-06-22,S03,P701,27,0,12,15,25,3
2026-06-22,S03,P702,101,0,23,78,54,2
2026-06-22,S04,P101,319,0,56,263,162,2
2026-06-22,S04,P102,121,0,22,99,48,3
2026-06-22,S04,P201,235,0,37,198,81,1
2026-06-22,S04,P205,40,176,25,191,64,3
2026-06-22,S04,P330,113,319,46,386,129,4
2026-06-22,S04,P331,281,0,43,238,97,1
2026-06-22,S04,P442,348,0,66,282,194,1
2026-06-22,S04,P443,542,0,93,449,259,3
2026-06-22,S04,P501,68,0,12,56,32,4
2026-06-22,S04,P502,74,0,22,52,64,4
2026-06-22,S04,P601,99,0,16,83,48,4
2026-06-22,S04,P701,67,0,16,51,38,3
2026-06-22,S04,P702,76,194,34,236,81,3
2026-06-23,S01,P101,159,466,58,567,187,4
2026-06-23,S01,P102,117,0,16,101,56,4
2026-06-23,S01,P201,277,0,35,242,93,2
2026-06-23,S01,P205,46,204,20,230,75,2
2026-06-23,S01,P330,218,0,38,180,150,4
2026-06-23,S01,P331,164,0,54,110,112,1
2026-06-23,S01,P442,262,0,79,183,225,3
2026-06-23,S01,P443,443,0,111,332,300,2
2026-06-23,S01,P501,23,102,19,106,37,1
2026-06-23,S01,P502,75,175,38,212,75,3
2026-06-23,S01,P601,127,0,16,111,56,4
2026-06-23,S01,P701,90,0,15,75,45,3
2026-06-23,S01,P702,65,247,27,285,93,1
2026-06-23,S02,P101,1274,0,154,1120,427,1
2026-06-23,S02,P102,386,0,36,350,128,3
2026-06-23,S02,P201,418,0,70,348,213,1
2026-06-23,S02,P205,251,0,46,205,171,2
2026-06-23,S02,P330,1027,0,195,832,342,1
2026-06-23,S02,P331,392,0,95,297,256,2
2026-06-23,S02,P442,1539,0,247,1292,513,3
2026-06-23,S02,P443,2030,0,337,1693,684,1
2026-06-23,S02,P501,193,0,33,160,85,4
2026-06-23,S02,P502,188,0,95,93,171,3
2026-06-23,S02,P601,263,0,43,220,128,2
2026-06-23,S02,P701,284,0,36,248,102,3
2026-06-23,S02,P702,637,0,77,560,213,4
2026-06-23,S03,P101,262,0,32,230,108,1
2026-06-23,S03,P102,76,0,11,65,32,1
2026-06-23,S03,P201,170,0,25,145,54,3
2026-06-23,S03,P205,130,0,14,116,43,1
2026-06-23,S03,P330,85,203,27,261,86,2
2026-06-23,S03,P331,132,0,30,102,64,4
2026-06-23,S03,P442,329,0,29,300,129,1
2026-06-23,S03,P443,496,0,69,427,172,1
2026-06-23,S03,P501,40,0,8,32,21,4
2026-06-23,S03,P502,92,0,14,78,43,4
2026-06-23,S03,P601,83,0,10,73,32,2
2026-06-23,S03,P701,15,71,3,83,25,4
2026-06-23,S03,P702,78,0,14,64,54,2
2026-06-23,S04,P101,263,0,52,211,162,4
2026-06-23,S04,P102,99,0,12,87,48,1
2026-06-23,S04,P201,198,0,43,155,81,4
2026-06-23,S04,P205,191,0,25,166,64,4
2026-06-23,S04,P330,386,0,41,345,129,2
2026-06-23,S04,P331,238,0,32,206,97,2
2026-06-23,S04,P442,282,0,63,219,194,4
2026-06-23,S04,P443,449,0,122,327,259,2
2026-06-23,S04,P501,56,0,7,49,32,1
2026-06-23,S04,P502,52,164,19,197,64,4
2026-06-23,S04,P601,83,0,22,61,48,2
2026-06-23,S04,P701,51,0,19,32,38,3
2026-06-23,S04,P702,236,0,18,218,81,3
2026-06-24,S01,P101,567,0,52,515,187,4
2026-06-24,S01,P102,101,0,26,75,56,4
2026-06-24,S01,P201,242,0,33,209,93,4
2026-06-24,S01,P205,230,0,28,202,75,4
2026-06-24,S01,P330,180,0,48,132,150,4
2026-06-24,S01,P331,110,265,41,334,112,2
2026-06-24,S01,P442,183,567,84,666,225,1
2026-06-24,S01,P443,332,0,102,230,300,4
2026-06-24,S01,P501,106,0,13,93,37,3
2026-06-24,S01,P502,212,0,22,190,75,3
2026-06-24,S01,P601,111,0,20,91,56,4
2026-06-24,S01,P701,75,0,11,64,45,1
2026-06-24,S01,P702,285,0,24,261,93,3
2026-06-24,S02,P101,1120,0,158,962,427,3
2026-06-24,S02,P102,350,0,45,305,128,4
2026-06-24,S02,P201,348,0,102,246,213,3
2026-06-24,S02,P205,205,0,53,152,171,2
2026-06-24,S02,P330,832,0,124,708,342,4
2026-06-24,S02,P331,297,0,80,217,256,3
2026-06-24,S02,P442,1292,0,263,1029,513,2
2026-06-24,S02,P443,1693,0,249,1444,684,2
2026-06-24,S02,P501,160,0,27,133,85,2
2026-06-24,S02,P502,93,477,96,474,171,3
2026-06-24,S02,P601,220,0,44,176,128,4
2026-06-24,S02,P701,248,0,35,213,102,1
2026-06-24,S02,P702,560,0,69,491,213,1
2026-06-24,S03,P101,230,0,44,186,108,1
2026-06-24,S03,P102,65,0,18,47,32,3
2026-06-24,S03,P201,145,0,21,124,54,3
2026-06-24,S03,P205,116,0,13,103,43,2
2026-06-24,S03,P330,261,0,43,218,86,3
2026-06-24,S03,P331,102,0,23,79,64,4
2026-06-24,S03,P442,300,0,41,259,129,2
2026-06-24,S03,P443,427,0,42,385,172,2
2026-06-24,S03,P501,32,0,3,29,21,1
2026-06-24,S03,P502,78,0,13,65,43,2
2026-06-24,S03,P601,73,0,8,65,32,3
2026-06-24,S03,P701,83,0,10,73,25,3
2026-06-24,S03,P702,64,0,28,36,54,4
2026-06-24,S04,P101,211,0,50,161,162,4
2026-06-24,S04,P102,87,0,23,64,48,1
2026-06-24,S04,P201,155,0,29,126,81,2
2026-06-24,S04,P205,166,0,25,141,64,3
2026-06-24,S04,P330,345,0,41,304,129,3
2026-06-24,S04,P331,206,0,24,182,97,3
2026-06-24,S04,P442,219,0,121,98,194,2
2026-06-24,S04,P443,327,0,84,243,259,4
2026-06-24,S04,P501,49,0,13,36,32,2
2026-06-24,S04,P502,197,0,29,168,64,4
2026-06-24,S04,P601,61,0,16,45,48,1
2026-06-24,S04,P701,32,97,14,115,38,2
2026-06-24,S04,P702,218,0,24,194,81,4
2026-06-25,S01,P101,515,0,66,449,187,1
2026-06-25,S01,P102,75,0,22,53,56,2
2026-06-25,S01,P201,209,0,24,185,93,1
2026-06-25,S01,P205,202,0,25,177,75,2
2026-06-25,S01,P330,132,368,50,450,150,3
2026-06-25,S01,P331,334,0,36,298,112,1
2026-06-25,S01,P442,666,0,82,584,225,3
2026-06-25,S01,P443,230,770,93,907,300,3
2026-06-25,S01,P501,93,0,11,82,37,1
2026-06-25,S01,P502,190,0,25,165,75,1
2026-06-25,S01,P601,91,0,15,76,56,1
2026-06-25,S01,P701,64,0,26,38,45,1
2026-06-25,S01,P702,261,0,30,231,93,2
2026-06-25,S02,P101,962,0,127,835,427,1
2026-06-25,S02,P102,305,0,37,268,128,2
2026-06-25,S02,P201,246,0,74,172,213,3
2026-06-25,S02,P205,152,418,44,526,171,4
2026-06-25,S02,P330,708,0,102,606,342,1
2026-06-25,S02,P331,217,638,87,768,256,3
2026-06-25,S02,P442,1029,0,164,865,513,3
2026-06-25,S02,P443,1444,0,215,1229,684,3
2026-06-25,S02,P501,133,0,21,112,85,3
2026-06-25,S02,P502,474,0,44,430,171,2
2026-06-25,S02,P601,176,0,42,134,128,4
2026-06-25,S02,P701,213,0,45,168,102,3
2026-06-25,S02,P702,491,0,60,431,213,3
2026-06-25,S03,P101,186,0,32,154,108,2
2026-06-25,S03,P102,47,0,15,32,32,4
2026-06-25,S03,P201,124,0,19,105,54,3
2026-06-25,S03,P205,103,0,20,83,43,3
2026-06-25,S03,P330,218,0,34,184,86,2
2026-06-25,S03,P331,79,0,17,62,64,3
2026-06-25,S03,P442,259,0,49,210,129,2
2026-06-25,S03,P443,385,0,57,328,172,4
2026-06-25,S03,P501,29,0,11,18,21,3
2026-06-25,S03,P502,65,0,20,45,43,3
2026-06-25,S03,P601,65,0,10,55,32,4
2026-06-25,S03,P701,73,0,9,64,25,3
2026-06-25,S03,P702,36,144,19,161,54,4
2026-06-25,S04,P101,161,379,50,490,162,3
2026-06-25,S04,P102,64,0,26,38,48,2
2026-06-25,S04,P201,126,0,30,96,81,3
2026-06-25,S04,P205,141,0,25,116,64,3
2026-06-25,S04,P330,304,0,42,262,129,1
2026-06-25,S04,P331,182,0,37,145,97,3
2026-06-25,S04,P442,98,550,63,585,194,2
2026-06-25,S04,P443,243,621,94,770,259,2
2026-06-25,S04,P501,36,0,8,28,32,4
2026-06-25,S04,P502,168,0,19,149,64,3
2026-06-25,S04,P601,45,117,14,148,48,3
2026-06-25,S04,P701,115,0,14,101,38,1
2026-06-25,S04,P702,194,0,31,163,81,1
2026-06-26,S01,P101,449,0,72,377,187,1
2026-06-26,S01,P102,53,134,21,166,56,1
2026-06-26,S01,P201,185,0,28,157,93,1
2026-06-26,S01,P205,177,0,41,136,75,3
2026-06-26,S01,P330,450,0,57,393,150,2
2026-06-26,S01,P331,298,0,41,257,112,1
2026-06-26,S01,P442,584,0,73,511,225,3
2026-06-26,S01,P443,907,0,106,801,300,2
2026-06-26,S01,P501,82,0,15,67,37,3
2026-06-26,S01,P502,165,0,22,143,75,3
2026-06-26,S01,P601,76,0,20,56,56,2
2026-06-26,S01,P701,38,112,23,127,45,2
2026-06-26,S01,P702,231,0,28,203,93,4
2026-06-26,S02,P101,835,0,137,698,427,2
2026-06-26,S02,P102,268,0,41,227,128,4
2026-06-26,S02,P201,172,540,74,638,213,3
2026-06-26,S02,P205,526,0,58,468,171,1
2026-06-26,S02,P330,606,0,111,495,342,2
2026-06-26,S02,P331,768,0,80,688,256,3
2026-06-26,S02,P442,865,0,163,702,513,1
2026-06-26,S02,P443,1229,0,219,1010,684,3
2026-06-26,S02,P501,112,0,45,67,85,3
2026-06-26,S02,P502,430,0,64,366,171,2
2026-06-26,S02,P601,134,0,48,86,128,3
2026-06-26,S02,P701,168,0,35,133,102,4
2026-06-26,S02,P702,431,0,70,361,213,3
2026-06-26,S03,P101,154,0,38,116,108,2
2026-06-26,S03,P102,32,75,17,90,32,2
2026-06-26,S03,P201,105,0,17,88,54,3
2026-06-26,S03,P205,83,0,24,59,43,1
2026-06-26,S03,P330,184,0,33,151,86,2
2026-06-26,S03,P331,62,153,20,195,64,1
2026-06-26,S03,P442,210,0,46,164,129,2
2026-06-26,S03,P443,328,0,52,276,172,4
2026-06-26,S03,P501,18,54,7,65,21,2
2026-06-26,S03,P502,45,0,10,35,43,1
2026-06-26,S03,P601,55,0,13,42,32,1
2026-06-26,S03,P701,64,0,12,52,25,1
2026-06-26,S03,P702,161,0,27,134,54,4
2026-06-26,S04,P101,490,0,50,440,162,3
2026-06-26,S04,P102,38,124,6,156,48,4
2026-06-26,S04,P201,96,0,37,59,81,1
2026-06-26,S04,P205,116,0,20,96,64,4
2026-06-26,S04,P330,262,0,48,214,129,1
2026-06-26,S04,P331,145,0,34,111,97,3
2026-06-26,S04,P442,585,0,85,500,194,1
2026-06-26,S04,P443,770,0,101,669,259,1
2026-06-26,S04,P501,28,80,15,93,32,2
2026-06-26,S04,P502,149,0,15,134,64,4
2026-06-26,S04,P601,148,0,15,133,48,4
2026-06-26,S04,P701,101,0,21,80,38,2
2026-06-26,S04,P702,163,0,27,136,81,3
2026-06-27,S01,P101,377,0,85,292,187,4
2026-06-27,S01,P102,166,0,27,139,56,2
2026-06-27,S01,P201,157,0,31,126,93,2
2026-06-27,S01,P205,136,0,34,102,75,1
2026-06-27,S01,P330,393,0,68,325,150,2
2026-06-27,S01,P331,257,0,76,181,112,4
2026-06-27,S01,P442,511,0,92,419,225,2
2026-06-27,S01,P443,801,0,189,612,300,4
2026-06-27,S01,P501,67,0,15,52,37,3
2026-06-27,S01,P502,143,0,31,112,75,1
2026-06-27,S01,P601,56,131,20,167,56,4
2026-06-27,S01,P701,127,0,23,104,45,4
2026-06-27,S01,P702,203,0,34,169,93,1
2026-06-27,S02,P101,698,0,173,525,427,2
2026-06-27,S02,P102,227,0,82,145,128,3
2026-06-27,S02,P201,638,0,92,546,213,1
2026-06-27,S02,P205,468,0,79,389,171,4
2026-06-27,S02,P330,495,0,139,356,342,2
2026-06-27,S02,P331,688,0,107,581,256,2
2026-06-27,S02,P442,702,0,225,477,513,1
2026-06-27,S02,P443,1010,0,288,722,684,1
2026-06-27,S02,P501,67,218,33,252,85,2
2026-06-27,S02,P502,366,0,71,295,171,1
2026-06-27,S02,P601,86,341,48,379,128,2
2026-06-27,S02,P701,133,0,39,94,102,1
2026-06-27,S02,P702,361,0,87,274,213,2
2026-06-27,S03,P101,116,0,52,64,108,4
2026-06-27,S03,P102,90,0,10,80,32,4
2026-06-27,S03,P201,88,0,18,70,54,2
2026-06-27,S03,P205,59,0,17,42,43,4
2026-06-27,S03,P330,151,0,41,110,86,4
2026-06-27,S03,P331,195,0,24,171,64,2
2026-06-27,S03,P442,164,0,53,111,129,1
2026-06-27,S03,P443,276,0,84,192,172,1
2026-06-27,S03,P501,65,0,9,56,21,4
2026-06-27,S03,P502,35,109,19,125,43,1
2026-06-27,S03,P601,42,0,10,32,32,4
2026-06-27,S03,P701,52,0,12,40,25,1
2026-06-27,S03,P702,134,0,15,119,54,2
2026-06-27,S04,P101,440,0,53,387,162,1
2026-06-27,S04,P102,156,0,22,134,48,4
2026-06-27,S04,P201,59,211,56,214,81,1
2026-06-27,S04,P205,96,0,32,64,64,1
2026-06-27,S04,P330,214,0,69,145,129,1
2026-06-27,S04,P331,111,0,30,81,97,2
2026-06-27,S04,P442,500,0,80,420,194,4
2026-06-27,S04,P443,669,0,106,563,259,4
2026-06-27,S04,P501,93,0,17,76,32,1
2026-06-27,S04,P502,134,0,25,109,64,3
2026-06-27,S04,P601,133,0,19,114,48,1
2026-06-27,S04,P701,80,0,20,60,38,4
2026-06-27,S04,P702,136,0,34,102,81,2
2026-06-28,S01,P101,292,0,85,207,187,4
2026-06-28,S01,P102,139,0,34,105,56,1
2026-06-28,S01,P201,126,0,46,80,93,4
2026-06-28,S01,P205,102,0,52,50,75,1
2026-06-28,S01,P330,325,0,70,255,150,3
2026-06-28,S01,P331,181,0,47,134,112,3
2026-06-28,S01,P442,419,0,81,338,225,3
2026-06-28,S01,P443,612,0,139,473,300,3
2026-06-28,S01,P501,52,0,17,35,37,3
2026-06-28,S01,P502,112,0,30,82,75,3
2026-06-28,S01,P601,167,0,37,130,56,3
2026-06-28,S01,P701,104,0,17,87,45,4
2026-06-28,S01,P702,169,0,39,130,93,4
2026-06-28,S02,P101,525,0,182,343,427,3
2026-06-28,S02,P102,145,0,64,81,128,1
2026-06-28,S02,P201,546,0,90,456,213,3
2026-06-28,S02,P205,389,0,78,311,171,4
2026-06-28,S02,P330,356,0,147,209,342,1
2026-06-28,S02,P331,581,0,162,419,256,2
2026-06-28,S02,P442,477,1233,233,1477,513,1
2026-06-28,S02,P443,722,0,305,417,684,2
2026-06-28,S02,P501,252,0,43,209,85,2
2026-06-28,S02,P502,295,0,103,192,171,4
2026-06-28,S02,P601,379,0,63,316,128,4
2026-06-28,S02,P701,94,248,51,291,102,1
2026-06-28,S02,P702,274,0,96,178,213,4
2026-06-28,S03,P101,64,296,46,314,108,2
2026-06-28,S03,P102,80,0,16,64,32,1
2026-06-28,S03,P201,70,0,17,53,54,1
2026-06-28,S03,P205,42,102,25,119,43,4
2026-06-28,S03,P330,110,0,35,75,86,4
2026-06-28,S03,P331,171,0,24,147,64,3
2026-06-28,S03,P442,111,320,66,365,129,2
2026-06-28,S03,P443,192,0,100,92,172,2
2026-06-28,S03,P501,56,0,11,45,21,1
2026-06-28,S03,P502,125,0,12,113,43,3
2026-06-28,S03,P601,32,75,8,99,32,4
2026-06-28,S03,P701,40,0,9,31,25,2
2026-06-28,S03,P702,119,0,14,105,54,4
2026-06-28,S04,P101,387,0,70,317,162,1
2026-06-28,S04,P102,134,0,22,112,48,4
2026-06-28,S04,P201,214,0,42,172,81,3
2026-06-28,S04,P205,64,152,29,187,64,2
2026-06-28,S04,P330,145,0,62,83,129,3
2026-06-28,S04,P331,81,243,68,256,97,2
2026-06-28,S04,P442,420,0,81,339,194,2
2026-06-28,S04,P443,563,0,100,463,259,4
2026-06-28,S04,P501,76,0,12,64,32,2
2026-06-28,S04,P502,109,0,49,60,64,3
2026-06-28,S04,P601,114,0,18,96,48,2
2026-06-28,S04,P701,60,0,18,42,38,1
2026-06-28,S04,P702,102,0,32,70,81,2
2026-06-29,S01,P101,207,0,59,148,187,1
2026-06-29,S01,P102,105,0,16,89,56,3
2026-06-29,S01,P201,80,232,31,281,93,3
2026-06-29,S01,P205,50,200,31,219,75,3
2026-06-29,S01,P330,255,0,50,205,150,4
2026-06-29,S01,P331,134,0,43,91,112,1
2026-06-29,S01,P442,338,0,63,275,225,1
2026-06-29,S01,P443,473,0,182,291,300,4
2026-06-29,S01,P501,35,90,14,111,37,1
2026-06-29,S01,P502,82,0,26,56,75,2
2026-06-29,S01,P601,130,0,16,114,56,4
2026-06-29,S01,P701,87,0,18,69,45,1
2026-06-29,S01,P702,130,0,24,106,93,4
2026-06-29,S02,P101,343,1082,134,1291,427,1
2026-06-29,S02,P102,81,346,53,374,128,1
2026-06-29,S02,P201,456,0,67,389,213,3
2026-06-29,S02,P205,311,0,52,259,171,2
2026-06-29,S02,P330,209,931,122,1018,342,1
2026-06-29,S02,P331,419,0,81,338,256,2
2026-06-29,S02,P442,1477,0,161,1316,513,4
2026-06-29,S02,P443,417,1863,235,2045,684,1
2026-06-29,S02,P501,209,0,34,175,85,4
2026-06-29,S02,P502,192,0,58,134,171,3
2026-06-29,S02,P601,316,0,39,277,128,3
2026-06-29,S02,P701,291,0,41,250,102,2
2026-06-29,S02,P702,178,534,79,633,213,4
2026-06-29,S03,P101,314,0,36,278,108,4
2026-06-29,S03,P102,64,0,9,55,32,2
2026-06-29,S03,P201,53,127,24,156,54,3
2026-06-29,S03,P205,119,0,19,100,43,4
2026-06-29,S03,P330,75,213,33,255,86,1
2026-06-29,S03,P331,147,0,21,126,64,3
2026-06-29,S03,P442,365,0,37,328,129,2
2026-06-29,S03,P443,92,484,54,522,172,1
2026-06-29,S03,P501,45,0,15,30,21,2
2026-06-29,S03,P502,113,0,16,97,43,1
2026-06-29,S03,P601,99,0,7,92,32,3
2026-06-29,S03,P701,31,0,10,21,25,4
2026-06-29,S03,P702,105,0,18,87,54,3
2026-06-29,S04,P101,317,0,43,274,162,3
2026-06-29,S04,P102,112,0,22,90,48,4
2026-06-29,S04,P201,172,0,29,143,81,4
2026-06-29,S04,P205,187,0,27,160,64,2
2026-06-29,S04,P330,83,349,34,398,129,3
2026-06-29,S04,P331,256,0,45,211,97,1
2026-06-29,S04,P442,339,0,55,284,194,2
2026-06-29,S04,P443,463,0,79,384,259,1
2026-06-29,S04,P501,64,0,14,50,32,2
2026-06-29,S04,P502,60,156,17,199,64,1
2026-06-29,S04,P601,96,0,21,75,48,3
2026-06-29,S04,P701,42,0,12,30,38,2
2026-06-29,S04,P702,70,200,43,227,81,1
2026-06-30,S01,P101,148,477,60,565,187,2
2026-06-30,S01,P102,89,0,14,75,56,4
2026-06-30,S01,P201,281,0,61,220,93,1
2026-06-30,S01,P205,219,0,13,206,75,3
2026-06-30,S01,P330,205,0,56,149,150,2
2026-06-30,S01,P331,91,284,39,336,112,3
2026-06-30,S01,P442,275,0,81,194,225,4
2026-06-30,S01,P443,291,709,92,908,300,3
2026-06-30,S01,P501,111,0,18,93,37,4
2026-06-30,S01,P502,56,194,26,224,75,1
2026-06-30,S01,P601,114,0,25,89,56,3
2026-06-30,S01,P701,69,0,15,54,45,2
2026-06-30,S01,P702,106,0,32,74,93,2
2026-06-30,S02,P101,1291,0,157,1134,427,3
2026-06-30,S02,P102,374,0,41,333,128,3
2026-06-30,S02,P201,389,0,73,316,213,1
2026-06-30,S02,P205,259,0,61,198,171,2
2026-06-30,S02,P330,1018,0,95,923,342,2
2026-06-30,S02,P331,338,0,74,264,256,1
2026-06-30,S02,P442,1316,0,238,1078,513,4
2026-06-30,S02,P443,2045,0,251,1794,684,1
2026-06-30,S02,P501,175,0,26,149,85,1
2026-06-30,S02,P502,134,436,56,514,171,2
2026-06-30,S02,P601,277,0,36,241,128,1
2026-06-30,S02,P701,250,0,34,216,102,2
2026-06-30,S02,P702,633,0,65,568,213,4
2026-06-30,S03,P101,278,0,26,252,108,4
2026-06-30,S03,P102,55,0,9,46,32,2
2026-06-30,S03,P201,156,0,19,137,54,4
2026-06-30,S03,P205,100,0,18,82,43,3
2026-06-30,S03,P330,255,0,26,229,86,3
2026-06-30,S03,P331,126,0,16,110,64,1
2026-06-30,S03,P442,328,0,43,285,129,3
2026-06-30,S03,P443,522,0,55,467,172,2
2026-06-30,S03,P501,30,0,8,22,21,1
2026-06-30,S03,P502,97,0,19,78,43,1
2026-06-30,S03,P601,92,0,7,85,32,1
2026-06-30,S03,P701,21,65,7,79,25,3
2026-06-30,S03,P702,87,0,20,67,54,4
2026-06-30,S04,P101,274,0,46,228,162,1
2026-06-30,S04,P102,90,0,17,73,48,4
2026-06-30,S04,P201,143,0,37,106,81,3
2026-06-30,S04,P205,160,0,21,139,64,2
2026-06-30,S04,P330,398,0,41,357,129,1
2026-06-30,S04,P331,211,0,23,188,97,3
2026-06-30,S04,P442,284,0,58,226,194,1
2026-06-30,S04,P443,384,0,84,300,259,3
2026-06-30,S04,P501,50,0,11,39,32,4
2026-06-30,S04,P502,199,0,26,173,64,3
2026-06-30,S04,P601,75,0,15,60,48,1
2026-06-30,S04,P701,30,99,18,111,38,2
2026-06-30,S04,P702,227,0,21,206,81,4
2026-07-01,S01,P101,565,0,60,505,187,4
2026-07-01,S01,P102,75,0,19,56,56,2
2026-07-01,S01,P201,220,0,36,184,93,2
2026-07-01,S01,P205,206,0,37,169,75,1
2026-07-01,S01,P330,149,351,50,450,150,4
2026-07-01,S01,P331,336,0,36,300,112,3
2026-07-01,S01,P442,194,556,76,674,225,2
2026-07-01,S01,P443,908,0,96,812,300,3
2026-07-01,S01,P501,93,0,13,80,37,2
2026-07-01,S01,P502,224,0,21,203,75,2
2026-07-01,S01,P601,89,0,20,69,56,2
2026-07-01,S01,P701,54,0,8,46,45,2
2026-07-01,S01,P702,74,238,34,278,93,4
2026-07-01,S02,P101,1134,0,157,977,427,2
2026-07-01,S02,P102,333,0,62,271,128,3
2026-07-01,S02,P201,316,0,69,247,213,4
2026-07-01,S02,P205,198,0,44,154,171,2
2026-07-01,S02,P330,923,0,114,809,342,2
2026-07-01,S02,P331,264,0,79,185,256,1
2026-07-01,S02,P442,1078,0,192,886,513,2
2026-07-01,S02,P443,1794,0,277,1517,684,4
2026-07-01,S02,P501,149,0,27,122,85,3
2026-07-01,S02,P502,514,0,53,461,171,3
2026-07-01,S02,P601,241,0,40,201,128,4
2026-07-01,S02,P701,216,0,49,167,102,1
2026-07-01,S02,P702,568,0,77,491,213,2
2026-07-01,S03,P101,252,0,40,212,108,2
2026-07-01,S03,P102,46,0,9,37,32,3
2026-07-01,S03,P201,137,0,15,122,54,1
2026-07-01,S03,P205,82,0,14,68,43,2
2026-07-01,S03,P330,229,0,21,208,86,2
2026-07-01,S03,P331,110,0,30,80,64,1
2026-07-01,S03,P442,285,0,47,238,129,3
2026-07-01,S03,P443,467,0,49,418,172,4
2026-07-01,S03,P501,22,0,7,15,21,4
2026-07-01,S03,P502,78,0,8,70,43,2
2026-07-01,S03,P601,85,0,10,75,32,4
2026-07-01,S03,P701,79,0,6,73,25,1
2026-07-01,S03,P702,67,0,23,44,54,2
2026-07-01,S04,P101,228,0,60,168,162,3
2026-07-01,S04,P102,73,0,17,56,48,1
2026-07-01,S04,P201,106,0,24,82,81,1
2026-07-01,S04,P205,139,0,25,114,64,1
2026-07-01,S04,P330,357,0,44,313,129,2
2026-07-01,S04,P331,188,0,44,144,97,4
2026-07-01,S04,P442,226,0,74,152,194,2
2026-07-01,S04,P443,300,0,90,210,259,4
2026-07-01,S04,P501,39,0,8,31,32,4
2026-07-01,S04,P502,173,0,21,152,64,2
2026-07-01,S04,P601,60,0,19,41,48,1
2026-07-01,S04,P701,111,0,17,94,38,2
2026-07-01,S04,P702,206,0,24,182,81,3
2026-07-02,S01,P101,505,0,56,449,187,2
2026-07-02,S01,P102,56,131,17,170,56,2
2026-07-02,S01,P201,184,0,34,150,93,3
2026-07-02,S01,P205,169,0,24,145,75,4
2026-07-02,S01,P330,450,0,54,396,150,1
2026-07-02,S01,P331,300,0,43,257,112,4
2026-07-02,S01,P442,674,0,77,597,225,3
2026-07-02,S01,P443,812,0,89,723,300,2
2026-07-02,S01,P501,80,0,9,71,37,2
2026-07-02,S01,P502,203,0,42,161,75,4
2026-07-02,S01,P601,69,0,17,52,56,2
2026-07-02,S01,P701,46,0,10,36,45,4
2026-07-02,S01,P702,278,0,32,246,93,2
2026-07-02,S02,P101,977,0,219,758,427,2
2026-07-02,S02,P102,271,0,58,213,128,3
2026-07-02,S02,P201,247,0,66,181,213,4
2026-07-02,S02,P205,154,416,51,519,171,2
2026-07-02,S02,P330,809,0,115,694,342,1
2026-07-02,S02,P331,185,670,81,774,256,2
2026-07-02,S02,P442,886,0,249,637,513,1
2026-07-02,S02,P443,1517,0,262,1255,684,2
2026-07-02,S02,P501,122,0,25,97,85,1
2026-07-02,S02,P502,461,0,58,403,171,1
2026-07-02,S02,P601,201,0,38,163,128,3
2026-07-02,S02,P701,167,0,22,145,102,4
2026-07-02,S02,P702,491,0,72,419,213,3
2026-07-02,S03,P101,212,0,34,178,108,2
2026-07-02,S03,P102,37,0,10,27,32,3
2026-07-02,S03,P201,122,0,20,102,54,1
2026-07-02,S03,P205,68,0,18,50,43,4
2026-07-02,S03,P330,208,0,34,174,86,1
2026-07-02,S03,P331,80,0,15,65,64,1
2026-07-02,S03,P442,238,0,74,164,129,1
2026-07-02,S03,P443,418,0,56,362,172,1
2026-07-02,S03,P501,15,57,4,68,21,2
2026-07-02,S03,P502,70,0,11,59,43,3
2026-07-02,S03,P601,75,0,20,55,32,3
2026-07-02,S03,P701,73,0,10,63,25,2
2026-07-02,S03,P702,44,136,13,167,54,2
2026-07-02,S04,P101,168,0,56,112,162,4
2026-07-02,S04,P102,56,0,13,43,48,4
2026-07-02,S04,P201,82,0,23,59,81,2
2026-07-02,S04,P205,114,0,12,102,64,4
2026-07-02,S04,P330,313,0,45,268,129,4
2026-07-02,S04,P331,144,0,37,107,97,1
2026-07-02,S04,P442,152,496,76,572,194,2
2026-07-02,S04,P443,210,654,96,768,259,3
2026-07-02,S04,P501,31,77,6,102,32,4
2026-07-02,S04,P502,152,0,28,124,64,1
2026-07-02,S04,P601,41,121,11,151,48,1
2026-07-02,S04,P701,94,0,14,80,38,4
2026-07-02,S04,P702,182,0,20,162,81,4
2026-07-03,S01,P101,449,0,107,342,187,2
2026-07-03,S01,P102,170,0,21,149,56,2
2026-07-03,S01,P201,150,0,28,122,93,1
2026-07-03,S01,P205,145,0,29,116,75,4
2026-07-03,S01,P330,396,0,41,355,150,4
2026-07-03,S01,P331,257,0,43,214,112,2
2026-07-03,S01,P442,597,0,76,521,225,1
2026-07-03,S01,P443,723,0,101,622,300,3
2026-07-03,S01,P501,71,0,22,49,37,4
2026-07-03,S01,P502,161,0,27,134,75,2
2026-07-03,S01,P601,52,135,21,166,56,3
2026-07-03,S01,P701,36,114,26,124,45,3
2026-07-03,S01,P702,246,0,42,204,93,4
2026-07-03,S02,P101,758,0,122,636,427,2
2026-07-03,S02,P102,213,0,38,175,128,2
2026-07-03,S02,P201,181,531,66,646,213,1
2026-07-03,S02,P205,519,0,52,467,171,4
2026-07-03,S02,P330,694,0,100,594,342,3
2026-07-03,S02,P331,774,0,73,701,256,2
2026-07-03,S02,P442,637,0,162,475,513,1
2026-07-03,S02,P443,1255,0,330,925,684,3
2026-07-03,S02,P501,97,0,25,72,85,3
2026-07-03,S02,P502,403,0,57,346,171,4
2026-07-03,S02,P601,163,0,43,120,128,1
2026-07-03,S02,P701,145,0,43,102,102,2
2026-07-03,S02,P702,419,0,71,348,213,3
2026-07-03,S03,P101,178,0,52,126,108,4
2026-07-03,S03,P102,27,80,23,84,32,2
2026-07-03,S03,P201,102,0,22,80,54,3
2026-07-03,S03,P205,50,0,21,29,43,4
2026-07-03,S03,P330,174,0,22,152,86,2
2026-07-03,S03,P331,65,0,21,44,64,3
2026-07-03,S03,P442,164,0,52,112,129,2
2026-07-03,S03,P443,362,0,44,318,172,1
2026-07-03,S03,P501,68,0,14,54,21,1
2026-07-03,S03,P502,59,0,15,44,43,4
2026-07-03,S03,P601,55,0,10,45,32,4
2026-07-03,S03,P701,63,0,9,54,25,4
2026-07-03,S03,P702,167,0,18,149,54,2
2026-07-03,S04,P101,112,428,42,498,162,4
2026-07-03,S04,P102,43,119,11,151,48,2
2026-07-03,S04,P201,59,211,28,242,81,3
2026-07-03,S04,P205,102,0,23,79,64,2
2026-07-03,S04,P330,268,0,60,208,129,4
2026-07-03,S04,P331,107,0,25,82,97,4
2026-07-03,S04,P442,572,0,81,491,194,2
2026-07-03,S04,P443,768,0,90,678,259,4
2026-07-03,S04,P501,102,0,16,86,32,1
2026-07-03,S04,P502,124,0,43,81,64,2
2026-07-03,S04,P601,151,0,25,126,48,1
2026-07-03,S04,P701,80,0,19,61,38,2
2026-07-03,S04,P702,162,0,33,129,81,3
2026-07-04,S01,P101,342,0,124,218,187,3
2026-07-04,S01,P102,149,0,27,122,56,3
2026-07-04,S01,P201,122,0,43,79,93,2
2026-07-04,S01,P205,116,0,26,90,75,1
2026-07-04,S01,P330,355,0,60,295,150,3
2026-07-04,S01,P331,214,0,41,173,112,1
2026-07-04,S01,P442,521,0,91,430,225,1
2026-07-04,S01,P443,622,0,99,523,300,3
2026-07-04,S01,P501,49,0,20,29,37,1
2026-07-04,S01,P502,134,0,29,105,75,3
2026-07-04,S01,P601,166,0,25,141,56,1
2026-07-04,S01,P701,124,0,15,109,45,4
2026-07-04,S01,P702,204,0,25,179,93,4
2026-07-04,S02,P101,636,0,177,459,427,2
2026-07-04,S02,P102,175,0,61,114,128,2
2026-07-04,S02,P201,646,0,139,507,213,3
2026-07-04,S02,P205,467,0,76,391,171,3
2026-07-04,S02,P330,594,0,146,448,342,3
2026-07-04,S02,P331,701,0,148,553,256,4
2026-07-04,S02,P442,475,1235,231,1479,513,1
2026-07-04,S02,P443,925,0,314,611,684,4
2026-07-04,S02,P501,72,213,31,254,85,1
2026-07-04,S02,P502,346,0,81,265,171,4
2026-07-04,S02,P601,120,307,59,368,128,4
2026-07-04,S02,P701,102,240,67,275,102,2
2026-07-04,S02,P702,348,0,100,248,213,2
2026-07-04,S03,P101,126,0,63,63,108,2
2026-07-04,S03,P102,84,0,18,66,32,1
2026-07-04,S03,P201,80,0,19,61,54,4
2026-07-04,S03,P205,29,115,16,128,43,3
2026-07-04,S03,P330,152,0,30,122,86,3
2026-07-04,S03,P331,44,171,23,192,64,2
2026-07-04,S03,P442,112,319,57,374,129,2
2026-07-04,S03,P443,318,0,80,238,172,3
2026-07-04,S03,P501,54,0,10,44,21,2
2026-07-04,S03,P502,44,0,20,24,43,4
2026-07-04,S03,P601,45,0,17,28,32,2
2026-07-04,S03,P701,54,0,14,40,25,3
2026-07-04,S03,P702,149,0,21,128,54,4
2026-07-04,S04,P101,498,0,93,405,162,4
2026-07-04,S04,P102,151,0,29,122,48,4
2026-07-04,S04,P201,242,0,39,203,81,2
2026-07-04,S04,P205,79,0,23,56,64,3
2026-07-04,S04,P330,208,0,65,143,129,3
2026-07-04,S04,P331,82,242,45,279,97,1
2026-07-04,S04,P442,491,0,77,414,194,4
2026-07-04,S04,P443,678,0,114,564,259,2
2026-07-04,S04,P501,86,0,22,64,32,3
2026-07-04,S04,P502,81,0,41,40,64,2
2026-07-04,S04,P601,126,0,19,107,48,1
2026-07-04,S04,P701,61,0,17,44,38,2
2026-07-04,S04,P702,129,0,27,102,81,1
2026-07-05,S01,P101,218,0,109,109,187,3
2026-07-05,S01,P102,122,0,18,104,56,3
2026-07-05,S01,P201,79,233,45,267,93,4
2026-07-05,S01,P205,90,0,23,67,75,2
2026-07-05,S01,P330,295,0,57,238,150,2
2026-07-05,S01,P331,173,0,41,132,112,1
2026-07-05,S01,P442,430,0,100,330,225,1
2026-07-05,S01,P443,523,0,121,402,300,3
2026-07-05,S01,P501,29,96,22,103,37,1
2026-07-05,S01,P502,105,0,33,72,75,4
2026-07-05,S01,P601,141,0,21,120,56,3
2026-07-05,S01,P701,109,0,23,86,45,4
2026-07-05,S01,P702,179,0,34,145,93,3
2026-07-05,S02,P101,459,0,211,248,427,2
2026-07-05,S02,P102,114,313,59,368,128,2
2026-07-05,S02,P201,507,0,88,419,213,4
2026-07-05,S02,P205,391,0,87,304,171,1
2026-07-05,S02,P330,448,0,159,289,342,3
2026-07-05,S02,P331,553,0,114,439,256,4
2026-07-05,S02,P442,1479,0,211,1268,513,3
2026-07-05,S02,P443,611,1669,312,1968,684,3
2026-07-05,S02,P501,254,0,38,216,85,1
2026-07-05,S02,P502,265,0,78,187,171,3
2026-07-05,S02,P601,368,0,57,311,128,1
2026-07-05,S02,P701,275,0,38,237,102,1
2026-07-05,S02,P702,248,0,90,158,213,3
2026-07-05,S03,P101,63,297,45,315,108,4
2026-07-05,S03,P102,66,0,12,54,32,1
2026-07-05,S03,P201,61,0,12,49,54,4
2026-07-05,S03,P205,128,0,22,106,43,1
2026-07-05,S03,P330,122,0,53,69,86,2
2026-07-05,S03,P331,192,0,31,161,64,3
2026-07-05,S03,P442,374,0,52,322,129,2
2026-07-05,S03,P443,238,0,76,162,172,4
2026-07-05,S03,P501,44,0,12,32,21,1
2026-07-05,S03,P502,24,120,24,120,43,2
2026-07-05,S03,P601,28,79,12,95,32,2
2026-07-05,S03,P701,40,0,9,31,25,1
2026-07-05,S03,P702,128,0,25,103,54,3
2026-07-05,S04,P101,405,0,71,334,162,4
2026-07-05,S04,P102,122,0,18,104,48,2
2026-07-05,S04,P201,203,0,59,144,81,3
2026-07-05,S04,P205,56,160,28,188,64,1
2026-07-05,S04,P330,143,0,55,88,129,3
2026-07-05,S04,P331,279,0,67,212,97,4
2026-07-05,S04,P442,414,0,65,349,194,4
2026-07-05,S04,P443,564,0,118,446,259,4
2026-07-05,S04,P501,64,0,18,46,32,2
2026-07-05,S04,P502,40,176,28,188,64,1
2026-07-05,S04,P601,107,0,20,87,48,2
2026-07-05,S04,P701,44,0,18,26,38,4
2026-07-05,S04,P702,102,0,40,62,81,3
2026-07-06,S01,P101,109,516,82,543,187,4
2026-07-06,S01,P102,104,0,17,87,56,2
2026-07-06,S01,P201,267,0,31,236,93,1
2026-07-06,S01,P205,67,183,19,231,75,3
2026-07-06,S01,P330,238,0,49,189,150,4
2026-07-06,S01,P331,132,0,47,85,112,4
2026-07-06,S01,P442,330,0,68,262,225,3
2026-07-06,S01,P443,402,0,105,297,300,3
2026-07-06,S01,P501,103,0,15,88,37,3
2026-07-06,S01,P502,72,178,24,226,75,3
2026-07-06,S01,P601,120,0,20,100,56,3
2026-07-06,S01,P701,86,0,15,71,45,2
2026-07-06,S01,P702,145,0,24,121,93,1
2026-07-06,S02,P101,248,1177,156,1269,427,2
2026-07-06,S02,P102,368,0,65,303,128,3
2026-07-06,S02,P201,419,0,105,314,213,2
2026-07-06,S02,P205,304,0,59,245,171,3
2026-07-06,S02,P330,289,851,111,1029,342,2
2026-07-06,S02,P331,439,0,87,352,256,4
2026-07-06,S02,P442,1268,0,183,1085,513,2
2026-07-06,S02,P443,1968,0,223,1745,684,1
2026-07-06,S02,P501,216,0,31,185,85,3
2026-07-06,S02,P502,187,0,55,132,171,1
2026-07-06,S02,P601,311,0,50,261,128,4
2026-07-06,S02,P701,237,0,26,211,102,4
2026-07-06,S02,P702,158,554,85,627,213,4
2026-07-06,S03,P101,315,0,31,284,108,2
2026-07-06,S03,P102,54,0,9,45,32,1
2026-07-06,S03,P201,49,131,31,149,54,4
2026-07-06,S03,P205,106,0,18,88,43,2
2026-07-06,S03,P330,69,219,21,267,86,4
2026-07-06,S03,P331,161,0,17,144,64,4
2026-07-06,S03,P442,322,0,45,277,129,3
2026-07-06,S03,P443,162,414,88,488,172,2
2026-07-06,S03,P501,32,0,10,22,21,2
2026-07-06,S03,P502,120,0,21,99,43,3
2026-07-06,S03,P601,95,0,12,83,32,1
2026-07-06,S03,P701,31,0,12,19,25,1
2026-07-06,S03,P702,103,0,15,88,54,3
2026-07-06,S04,P101,334,0,55,279,162,3
2026-07-06,S04,P102,104,0,15,89,48,1
2026-07-06,S04,P201,144,0,34,110,81,3
2026-07-06,S04,P205,188,0,18,170,64,3
2026-07-06,S04,P330,88,344,53,379,129,4
2026-07-06,S04,P331,212,0,44,168,97,2
2026-07-06,S04,P442,349,0,58,291,194,1
2026-07-06,S04,P443,446,0,76,370,259,4
2026-07-06,S04,P501,46,0,10,36,32,1
2026-07-06,S04,P502,188,0,26,162,64,4
2026-07-06,S04,P601,87,0,16,71,48,3
2026-07-06,S04,P701,26,103,11,118,38,1
2026-07-06,S04,P702,62,208,22,248,81,4
2026-07-07,S01,P101,543,0,60,483,187,4
2026-07-07,S01,P102,87,0,30,57,56,2
2026-07-07,S01,P201,236,0,26,210,93,2
2026-07-07,S01,P205,231,0,15,216,75,4
2026-07-07,S01,P330,189,0,37,152,150,2
2026-07-07,S01,P331,85,290,33,342,112,4
2026-07-07,S01,P442,262,0,76,186,225,2
2026-07-07,S01,P443,297,703,102,898,300,1
2026-07-07,S01,P501,88,0,12,76,37,1
2026-07-07,S01,P502,226,0,36,190,75,3
2026-07-07,S01,P601,100,0,21,79,56,3
2026-07-07,S01,P701,71,0,21,50,45,2
2026-07-07,S01,P702,121,0,18,103,93,3
2026-07-07,S02,P101,1269,0,139,1130,427,1
2026-07-07,S02,P102,303,0,44,259,128,2
2026-07-07,S02,P201,314,0,83,231,213,4
2026-07-07,S02,P205,245,0,52,193,171,4
2026-07-07,S02,P330,1029,0,96,933,342,4
2026-07-07,S02,P331,352,0,97,255,256,1
2026-07-07,S02,P442,1085,0,238,847,513,2
2026-07-07,S02,P443,1745,0,229,1516,684,1
2026-07-07,S02,P501,185,0,28,157,85,1
2026-07-07,S02,P502,132,438,47,523,171,1
2026-07-07,S02,P601,261,0,42,219,128,4
2026-07-07,S02,P701,211,0,30,181,102,1
2026-07-07,S02,P702,627,0,74,553,213,3
2026-07-07,S03,P101,284,0,28,256,108,1
2026-07-07,S03,P102,45,0,16,29,32,2
2026-07-07,S03,P201,149,0,19,130,54,1
2026-07-07,S03,P205,88,0,11,77,43,1
2026-07-07,S03,P330,267,0,30,237,86,3
2026-07-07,S03,P331,144,0,23,121,64,4
2026-07-07,S03,P442,277,0,65,212,129,2
2026-07-07,S03,P443,488,0,83,405,172,1
2026-07-07,S03,P501,22,0,5,17,21,2
2026-07-07,S03,P502,99,0,15,84,43,1
2026-07-07,S03,P601,83,0,19,64,32,4
2026-07-07,S03,P701,19,67,11,75,25,2
2026-07-07,S03,P702,88,0,10,78,54,4
2026-07-07,S04,P101,279,0,46,233,162,3
2026-07-07,S04,P102,89,0,14,75,48,3
2026-07-07,S04,P201,110,0,33,77,81,1
2026-07-07,S04,P205,170,0,20,150,64,1
2026-07-07,S04,P330,379,0,38,341,129,3
2026-07-07,S04,P331,168,0,36,132,97,2
2026-07-07,S04,P442,291,0,56,235,194,4
2026-07-07,S04,P443,370,0,89,281,259,1
2026-07-07,S04,P501,36,0,6,30,32,4
2026-07-07,S04,P502,162,0,24,138,64,2
2026-07-07,S04,P601,71,0,19,52,48,1
2026-07-07,S04,P701,118,0,13,105,38,1
2026-07-07,S04,P702,248,0,25,223,81,3
2026-07-08,S01,P101,483,0,58,425,187,1
2026-07-08,S01,P102,57,0,37,20,56,2
2026-07-08,S01,P201,210,0,31,179,93,2
2026-07-08,S01,P205,216,0,21,195,75,2
2026-07-08,S01,P330,152,0,51,101,150,3
2026-07-08,S01,P331,342,0,40,302,112,4
2026-07-08,S01,P442,186,564,86,664,225,3
2026-07-08,S01,P443,898,0,88,810,300,2
2026-07-08,S01,P501,76,0,15,61,37,3
2026-07-08,S01,P502,190,0,21,169,75,1
2026-07-08,S01,P601,79,0,18,61,56,2
2026-07-08,S01,P701,50,0,16,34,45,3
2026-07-08,S01,P702,103,0,30,73,93,3
2026-07-08,S02,P101,1130,0,129,1001,427,4
2026-07-08,S02,P102,259,0,36,223,128,3
2026-07-08,S02,P201,231,0,66,165,213,2
2026-07-08,S02,P205,193,0,51,142,171,4
2026-07-08,S02,P330,933,0,108,825,342,1
2026-07-08,S02,P331,255,600,80,775,256,3
2026-07-08,S02,P442,847,0,195,652,513,4
2026-07-08,S02,P443,1516,0,317,1199,684,1
2026-07-08,S02,P501,157,0,32,125,85,3
2026-07-08,S02,P502,523,0,58,465,171,3
2026-07-08,S02,P601,219,0,38,181,128,4
2026-07-08,S02,P701,181,0,30,151,102,4
2026-07-08,S02,P702,553,0,75,478,213,3
2026-07-08,S03,P101,256,0,42,214,108,4
2026-07-08,S03,P102,29,78,8,99,32,2
2026-07-08,S03,P201,130,0,20,110,54,4
2026-07-08,S03,P205,77,0,9,68,43,2
2026-07-08,S03,P330,237,0,31,206,86,4
2026-07-08,S03,P331,121,0,17,104,64,1
2026-07-08,S03,P442,212,0,39,173,129,1
2026-07-08,S03,P443,405,0,59,346,172,4
2026-07-08,S03,P501,17,55,9,63,21,1
2026-07-08,S03,P502,84,0,14,70,43,2
2026-07-08,S03,P601,64,0,8,56,32,1
2026-07-08,S03,P701,75,0,13,62,25,3
2026-07-08,S03,P702,78,0,20,58,54,4
2026-07-08,S04,P101,233,0,59,174,162,3
2026-07-08,S04,P102,75,0,21,54,48,4
2026-07-08,S04,P201,77,193,28,242,81,2
2026-07-08,S04,P205,150,0,25,125,64,2
2026-07-08,S04,P330,341,0,38,303,129,1
2026-07-08,S04,P331,132,0,31,101,97,3
2026-07-08,S04,P442,235,0,86,149,194,1
2026-07-08,S04,P443,281,0,121,160,259,1
2026-07-08,S04,P501,30,78,7,101,32,4
2026-07-08,S04,P502,138,0,19,119,64,2
2026-07-08,S04,P601,52,0,18,34,48,2
2026-07-08,S04,P701,105,0,17,88,38,3
2026-07-08,S04,P702,223,0,27,196,81,4
2026-07-09,S01,P101,425,0,48,377,187,3
2026-07-09,S01,P102,20,167,25,162,56,1
2026-07-09,S01,P201,179,0,21,158,93,1
2026-07-09,S01,P205,195,0,29,166,75,3
2026-07-09,S01,P330,101,399,43,457,150,3
2026-07-09,S01,P331,302,0,37,265,112,2
2026-07-09,S01,P442,664,0,71,593,225,2
2026-07-09,S01,P443,810,0,116,694,300,1
2026-07-09,S01,P501,61,0,15,46,37,3
2026-07-09,S01,P502,169,0,39,130,75,4
2026-07-09,S01,P601,61,0,15,46,56,4
2026-07-09,S01,P701,34,116,24,126,45,4
2026-07-09,S01,P702,73,239,30,282,93,1
2026-07-09,S02,P101,1001,0,153,848,427,1
2026-07-09,S02,P102,223,0,43,180,128,1
2026-07-09,S02,P201,165,547,67,645,213,3
2026-07-09,S02,P205,142,428,60,510,171,2
2026-07-09,S02,P330,825,0,102,723,342,1
2026-07-09,S02,P331,775,0,79,696,256,1
2026-07-09,S02,P442,652,0,167,485,513,3
2026-07-09,S02,P443,1199,0,221,978,684,1
2026-07-09,S02,P501,125,0,39,86,85,1
2026-07-09,S02,P502,465,0,57,408,171,3
2026-07-09,S02,P601,181,0,41,140,128,4
2026-07-09,S02,P701,151,0,44,107,102,1
2026-07-09,S02,P702,478,0,111,367,213,3
2026-07-09,S03,P101,214,0,35,179,108,2
2026-07-09,S03,P102,99,0,8,91,32,4
2026-07-09,S03,P201,110,0,14,96,54,3
2026-07-09,S03,P205,68,0,13,55,43,2
2026-07-09,S03,P330,206,0,29,177,86,3
2026-07-09,S03,P331,104,0,27,77,64,1
2026-07-09,S03,P442,173,0,47,126,129,1
2026-07-09,S03,P443,346,0,89,257,172,1
2026-07-09,S03,P501,63,0,7,56,21,3
2026-07-09,S03,P502,70,0,13,57,43,2
2026-07-09,S03,P601,56,0,9,47,32,3
2026-07-09,S03,P701,62,0,9,53,25,1
2026-07-09,S03,P702,58,0,14,44,54,3
2026-07-09,S04,P101,174,0,54,120,162,1
2026-07-09,S04,P102,54,0,19,35,48,2
2026-07-09,S04,P201,242,0,22,220,81,4
2026-07-09,S04,P205,125,0,21,104,64,2
2026-07-09,S04,P330,303,0,45,258,129,3
2026-07-09,S04,P331,101,0,31,70,97,4
2026-07-09,S04,P442,149,499,91,557,194,2
2026-07-09,S04,P443,160,704,92,772,259,3
2026-07-09,S04,P501,101,0,16,85,32,3
2026-07-09,S04,P502,119,0,19,100,64,2
2026-07-09,S04,P601,34,128,20,142,48,4
2026-07-09,S04,P701,88,0,13,75,38,1
2026-07-09,S04,P702,196,0,26,170,81,1
2026-07-10,S01,P101,377,0,72,305,187,3
2026-07-10,S01,P102,162,0,12,150,56,1
2026-07-10,S01,P201,158,0,29,129,93,4
2026-07-10,S01,P205,166,0,20,146,75,1
2026-07-10,S01,P330,457,0,44,413,150,3
2026-07-10,S01,P331,265,0,43,222,112,3
2026-07-10,S01,P442,593,0,55,538,225,1
2026-07-10,S01,P443,694,0,88,606,300,3
2026-07-10,S01,P501,46,0,20,26,37,2
2026-07-10,S01,P502,130,0,22,108,75,3
2026-07-10,S01,P601,46,141,23,164,56,1
2026-07-10,S01,P701,126,0,14,112,45,4
2026-07-10,S01,P702,282,0,36,246,93,4
2026-07-10,S02,P101,848,0,163,685,427,3
2026-07-10,S02,P102,180,0,40,140,128,4
2026-07-10,S02,P201,645,0,118,527,213,1
2026-07-10,S02,P205,510,0,52,458,171,3
2026-07-10,S02,P330,723,0,176,547,342,3
2026-07-10,S02,P331,696,0,93,603,256,3
2026-07-10,S02,P442,485,1225,158,1552,513,2
2026-07-10,S02,P443,978,0,224,754,684,3
2026-07-10,S02,P501,86,0,29,57,85,1
2026-07-10,S02,P502,408,0,70,338,171,2
2026-07-10,S02,P601,140,0,46,94,128,4
2026-07-10,S02,P701,107,0,43,64,102,4
2026-07-10,S02,P702,367,0,83,284,213,2
2026-07-10,S03,P101,179,0,62,117,108,2
2026-07-10,S03,P102,91,0,12,79,32,4
2026-07-10,S03,P201,96,0,18,78,54,4
2026-07-10,S03,P205,55,0,10,45,43,3
2026-07-10,S03,P330,177,0,39,138,86,2
2026-07-10,S03,P331,77,0,26,51,64,3
2026-07-10,S03,P442,126,305,36,395,129,3
2026-07-10,S03,P443,257,0,85,172,172,2
2026-07-10,S03,P501,56,0,8,48,21,4
2026-07-10,S03,P502,57,0,21,36,43,2
2026-07-10,S03,P601,47,0,12,35,32,1
2026-07-10,S03,P701,53,0,11,42,25,3
2026-07-10,S03,P702,44,136,12,168,54,4
2026-07-10,S04,P101,120,420,49,491,162,2
2026-07-10,S04,P102,35,127,20,142,48,3
2026-07-10,S04,P201,220,0,31,189,81,4
2026-07-10,S04,P205,104,0,24,80,64,2
2026-07-10,S04,P330,258,0,49,209,129,3
2026-07-10,S04,P331,70,254,35,289,97,2
2026-07-10,S04,P442,557,0,60,497,194,3
2026-07-10,S04,P443,772,0,80,692,259,1
2026-07-10,S04,P501,85,0,13,72,32,2
2026-07-10,S04,P502,100,0,23,77,64,2
2026-07-10,S04,P601,142,0,21,121,48,3
2026-07-10,S04,P701,75,0,6,69,38,4
2026-07-10,S04,P702,170,0,20,150,81,2
2026-07-11,S01,P101,305,0,97,208,187,3
2026-07-11,S01,P102,150,0,23,127,56,1
2026-07-11,S01,P201,129,0,54,75,93,1
2026-07-11,S01,P205,146,0,23,123,75,3
2026-07-11,S01,P330,413,0,74,339,150,3
2026-07-11,S01,P331,222,0,41,181,112,3
2026-07-11,S01,P442,538,0,100,438,225,2
2026-07-11,S01,P443,606,0,135,471,300,2
2026-07-11,S01,P501,26,99,14,111,37,2
2026-07-11,S01,P502,108,0,36,72,75,4
2026-07-11,S01,P601,164,0,15,149,56,1
2026-07-11,S01,P701,112,0,18,94,45,4
2026-07-11,S01,P702,246,0,48,198,93,4
2026-07-11,S02,P101,685,0,187,498,427,3
2026-07-11,S02,P102,140,0,49,91,128,2
2026-07-11,S02,P201,527,0,104,423,213,4
2026-07-11,S02,P205,458,0,83,375,171,4
2026-07-11,S02,P330,547,0,165,382,342,2
2026-07-11,S02,P331,603,0,118,485,256,3
2026-07-11,S02,P442,1552,0,209,1343,513,4
2026-07-11,S02,P443,754,0,445,309,684,4
2026-07-11,S02,P501,57,228,32,253,85,2
2026-07-11,S02,P502,338,0,68,270,171,4
2026-07-11,S02,P601,94,333,59,368,128,1
2026-07-11,S02,P701,64,278,43,299,102,1
2026-07-11,S02,P702,284,0,88,196,213,2
2026-07-11,S03,P101,117,0,51,66,108,2
2026-07-11,S03,P102,79,0,12,67,32,2
2026-07-11,S03,P201,78,0,23,55,54,2
2026-07-11,S03,P205,45,0,30,15,43,3
2026-07-11,S03,P330,138,0,43,95,86,1
2026-07-11,S03,P331,51,164,19,196,64,4
2026-07-11,S03,P442,395,0,49,346,129,2
2026-07-11,S03,P443,172,404,78,498,172,4
2026-07-11,S03,P501,48,0,11,37,21,4
2026-07-11,S03,P502,36,108,19,125,43,2
2026-07-11,S03,P601,35,0,13,22,32,1
2026-07-11,S03,P701,42,0,9,33,25,4
2026-07-11,S03,P702,168,0,26,142,54,3
2026-07-11,S04,P101,491,0,69,422,162,4
2026-07-11,S04,P102,142,0,19,123,48,1
2026-07-11,S04,P201,189,0,30,159,81,2
2026-07-11,S04,P205,80,0,31,49,64,3
2026-07-11,S04,P330,209,0,63,146,129,1
2026-07-11,S04,P331,289,0,55,234,97,3
2026-07-11,S04,P442,497,0,138,359,194,4
2026-07-11,S04,P443,692,0,157,535,259,3
2026-07-11,S04,P501,72,0,15,57,32,2
2026-07-11,S04,P502,77,0,23,54,64,3
2026-07-11,S04,P601,121,0,25,96,48,4
2026-07-11,S04,P701,69,0,18,51,38,1
2026-07-11,S04,P702,150,0,40,110,81,4
2026-07-12,S01,P101,208,0,71,137,187,2
2026-07-12,S01,P102,127,0,21,106,56,2
2026-07-12,S01,P201,75,237,27,285,93,2
2026-07-12,S01,P205,123,0,37,86,75,3
2026-07-12,S01,P330,339,0,64,275,150,1
2026-07-12,S01,P331,181,0,48,133,112,1
2026-07-12,S01,P442,438,0,114,324,225,4
2026-07-12,S01,P443,471,0,198,273,300,2
2026-07-12,S01,P501,111,0,16,95,37,3
2026-07-12,S01,P502,72,178,31,219,75,4
2026-07-12,S01,P601,149,0,25,124,56,3
2026-07-12,S01,P701,94,0,29,65,45,3
2026-07-12,S01,P702,198,0,41,157,93,3
2026-07-12,S02,P101,498,0,181,317,427,3
2026-07-12,S02,P102,91,336,67,360,128,2
2026-07-12,S02,P201,423,0,92,331,213,1
2026-07-12,S02,P205,375,0,86,289,171,3
2026-07-12,S02,P330,382,0,156,226,342,2
2026-07-12,S02,P331,485,0,108,377,256,2
2026-07-12,S02,P442,1343,0,219,1124,513,4
2026-07-12,S02,P443,309,1971,482,1798,684,1
2026-07-12,S02,P501,253,0,36,217,85,3
2026-07-12,S02,P502,270,0,60,210,171,2
2026-07-12,S02,P601,368,0,64,304,128,3
2026-07-12,S02,P701,299,0,49,250,102,3
2026-07-12,S02,P702,196,516,94,618,213,4
2026-07-12,S03,P101,66,294,49,311,108,2
2026-07-12,S03,P102,67,0,23,44,32,4
2026-07-12,S03,P201,55,0,31,24,54,3
2026-07-12,S03,P205,15,129,19,125,43,2
2026-07-12,S03,P330,95,0,43,52,86,2
2026-07-12,S03,P331,196,0,28,168,64,2
2026-07-12,S03,P442,346,0,48,298,129,1
2026-07-12,S03,P443,498,0,64,434,172,1
2026-07-12,S03,P501,37,0,6,31,21,3
2026-07-12,S03,P502,125,0,13,112,43,2
2026-07-12,S03,P601,22,85,11,96,32,3
2026-07-12,S03,P701,33,0,3,30,25,2
2026-07-12,S03,P702,142,0,23,119,54,2
2026-07-12,S04,P101,422,0,89,333,162,3
2026-07-12,S04,P102,123,0,17,106,48,3
2026-07-12,S04,P201,159,0,44,115,81,2
2026-07-12,S04,P205,49,167,19,197,64,1
2026-07-12,S04,P330,146,0,58,88,129,3
2026-07-12,S04,P331,234,0,35,199,97,4
2026-07-12,S04,P442,359,0,72,287,194,4
2026-07-12,S04,P443,535,0,85,450,259,1
2026-07-12,S04,P501,57,0,15,42,32,1
2026-07-12,S04,P502,54,162,26,190,64,4
2026-07-12,S04,P601,96,0,17,79,48,3
2026-07-12,S04,P701,51,0,14,37,38,2
2026-07-12,S04,P702,110,0,35,75,81,4
2026-07-13,S01,P101,137,488,65,560,187,2
2026-07-13,S01,P102,106,0,21,85,56,4
2026-07-13,S01,P201,285,0,41,244,93,2
2026-07-13,S01,P205,86,0,23,63,75,3
2026-07-13,S01,P330,275,0,57,218,150,1
2026-07-13,S01,P331,133,0,37,96,112,2
2026-07-13,S01,P442,324,0,82,242,225,1
2026-07-13,S01,P443,273,727,102,898,300,3
2026-07-13,S01,P501,95,0,8,87,37,1
2026-07-13,S01,P502,219,0,21,198,75,2
2026-07-13,S01,P601,124,0,17,107,56,2
2026-07-13,S01,P701,65,0,16,49,45,3
2026-07-13,S01,P702,157,0,26,131,93,2
2026-07-13,S02,P101,317,1108,204,1221,427,1
2026-07-13,S02,P102,360,0,41,319,128,4
2026-07-13,S02,P201,331,0,89,242,213,1
2026-07-13,S02,P205,289,0,57,232,171,4
2026-07-13,S02,P330,226,914,119,1021,342,2
2026-07-13,S02,P331,377,0,88,289,256,3
2026-07-13,S02,P442,1124,0,170,954,513,2
2026-07-13,S02,P443,1798,0,233,1565,684,1
2026-07-13,S02,P501,217,0,31,186,85,3
2026-07-13,S02,P502,210,0,70,140,171,4
2026-07-13,S02,P601,304,0,36,268,128,4
2026-07-13,S02,P701,250,0,33,217,102,1
2026-07-13,S02,P702,618,0,64,554,213,2
2026-07-13,S03,P101,311,0,48,263,108,2
2026-07-13,S03,P102,44,0,12,32,32,3
2026-07-13,S03,P201,24,156,21,159,54,1
2026-07-13,S03,P205,125,0,15,110,43,4
2026-07-13,S03,P330,52,236,19,269,86,3
2026-07-13,S03,P331,168,0,30,138,64,2
2026-07-13,S03,P442,298,0,44,254,129,1
2026-07-13,S03,P443,434,0,63,371,172,4
2026-07-13,S03,P501,31,0,15,16,21,4
2026-07-13,S03,P502,112,0,20,92,43,2
2026-07-13,S03,P601,96,0,15,81,32,3
2026-07-13,S03,P701,30,0,8,22,25,2
2026-07-13,S03,P702,119,0,17,102,54,3
2026-07-13,S04,P101,333,0,56,277,162,1
2026-07-13,S04,P102,106,0,13,93,48,4
2026-07-13,S04,P201,115,0,36,79,81,1
2026-07-13,S04,P205,197,0,23,174,64,3
2026-07-13,S04,P330,88,344,48,384,129,1
2026-07-13,S04,P331,199,0,34,165,97,1
2026-07-13,S04,P442,287,0,64,223,194,3
2026-07-13,S04,P443,450,0,89,361,259,1
2026-07-13,S04,P501,42,0,14,28,32,4
2026-07-13,S04,P502,190,0,13,177,64,3
2026-07-13,S04,P601,79,0,15,64,48,4
2026-07-13,S04,P701,37,92,10,119,38,1
2026-07-13,S04,P702,75,195,30,240,81,4
2026-07-14,S01,P101,560,0,67,493,187,2
2026-07-14,S01,P102,85,0,20,65,56,1
2026-07-14,S01,P201,244,0,29,215,93,3
2026-07-14,S01,P205,63,187,32,218,75,3
2026-07-14,S01,P330,218,0,42,176,150,2
2026-07-14,S01,P331,96,279,45,330,112,4
2026-07-14,S01,P442,242,0,81,161,225,4
2026-07-14,S01,P443,898,0,104,794,300,4
2026-07-14,S01,P501,87,0,16,71,37,3
2026-07-14,S01,P502,198,0,26,172,75,2
2026-07-14,S01,P601,107,0,17,90,56,3
2026-07-14,S01,P701,49,0,11,38,45,1
2026-07-14,S01,P702,131,0,33,98,93,1
2026-07-14,S02,P101,1221,0,232,989,427,4
2026-07-14,S02,P102,319,0,42,277,128,4
2026-07-14,S02,P201,242,0,73,169,213,4
2026-07-14,S02,P205,232,0,49,183,171,4
2026-07-14,S02,P330,1021,0,108,913,342,4
2026-07-14,S02,P331,289,0,98,191,256,1
2026-07-14,S02,P442,954,0,157,797,513,3
2026-07-14,S02,P443,1565,0,241,1324,684,3
2026-07-14,S02,P501,186,0,32,154,85,2
2026-07-14,S02,P502,140,430,43,527,171,1
2026-07-14,S02,P601,268,0,34,234,128,3
2026-07-14,S02,P701,217,0,26,191,102,1
2026-07-14,S02,P702,554,0,78,476,213,1
2026-07-14,S03,P101,263,0,33,230,108,2
2026-07-14,S03,P102,32,75,13,94,32,4
2026-07-14,S03,P201,159,0,16,143,54,4
2026-07-14,S03,P205,110,0,22,88,43,4
2026-07-14,S03,P330,269,0,24,245,86,2
2026-07-14,S03,P331,138,0,29,109,64,1
2026-07-14,S03,P442,254,0,35,219,129,4
2026-07-14,S03,P443,371,0,49,322,172,4
2026-07-14,S03,P501,16,56,8,64,21,4
2026-07-14,S03,P502,92,0,16,76,43,1
2026-07-14,S03,P601,81,0,15,66,32,1
2026-07-14,S03,P701,22,64,9,77,25,4
2026-07-14,S03,P702,102,0,14,88,54,1
2026-07-14,S04,P101,277,0,56,221,162,3
2026-07-14,S04,P102,93,0,18,75,48,3
2026-07-14,S04,P201,79,191,22,248,81,1
2026-07-14,S04,P205,174,0,12,162,64,4
2026-07-14,S04,P330,384,0,37,347,129,1
2026-07-14,S04,P331,165,0,31,134,97,2
2026-07-14,S04,P442,223,0,71,152,194,1
2026-07-14,S04,P443,361,0,87,274,259,4
2026-07-14,S04,P501,28,80,12,96,32,1
2026-07-14,S04,P502,177,0,22,155,64,1
2026-07-14,S04,P601,64,0,13,51,48,3
2026-07-14,S04,P701,119,0,9,110,38,2
2026-07-14,S04,P702,240,0,34,206,81,3
2026-07-15,S01,P101,493,0,53,440,187,4
2026-07-15,S01,P102,65,0,14,51,56,2
2026-07-15,S01,P201,215,0,24,191,93,3
2026-07-15,S01,P205,218,0,29,189,75,4
2026-07-15,S01,P330,176,0,48,128,150,3
2026-07-15,S01,P331,330,0,36,294,112,2
2026-07-15,S01,P442,161,589,62,688,225,2
2026-07-15,S01,P443,794,0,109,685,300,1
2026-07-15,S01,P501,71,0,12,59,37,4
2026-07-15,S01,P502,172,0,28,144,75,4
2026-07-15,S01,P601,90,0,15,75,56,4
2026-07-15,S01,P701,38,112,18,132,45,1
2026-07-15,S01,P702,98,0,37,61,93,2
2026-07-15,S02,P101,989,0,163,826,427,3
2026-07-15,S02,P102,277,0,49,228,128,4
2026-07-15,S02,P201,169,543,101,611,213,4
2026-07-15,S02,P205,183,0,61,122,171,2
2026-07-15,S02,P330,913,0,96,817,342,3
2026-07-15,S02,P331,191,664,77,778,256,1
2026-07-15,S02,P442,797,0,143,654,513,2
2026-07-15,S02,P443,1324,0,225,1099,684,3
2026-07-15,S02,P501,154,0,31,123,85,4
2026-07-15,S02,P502,527,0,64,463,171,4
2026-07-15,S02,P601,234,0,42,192,128,4
2026-07-15,S02,P701,191,0,42,149,102,2
2026-07-15,S02,P702,476,0,75,401,213,2
2026-07-15,S03,P101,230,0,42,188,108,1
2026-07-15,S03,P102,94,0,9,85,32,2
2026-07-15,S03,P201,143,0,17,126,54,2
2026-07-15,S03,P205,88,0,17,71,43,2
2026-07-15,S03,P330,245,0,20,225,86,1
2026-07-15,S03,P331,109,0,28,81,64,3
2026-07-15,S03,P442,219,0,62,157,129,4
2026-07-15,S03,P443,322,0,68,254,172,1
2026-07-15,S03,P501,64,0,8,56,21,3
2026-07-15,S03,P502,76,0,16,60,43,4
2026-07-15,S03,P601,66,0,14,52,32,2
2026-07-15,S03,P701,77,0,7,70,25,4
2026-07-15,S03,P702,88,0,17,71,54,2
2026-07-15,S04,P101,221,0,55,166,162,1
2026-07-15,S04,P102,75,0,16,59,48,4
2026-07-15,S04,P201,248,0,28,220,81,3
2026-07-15,S04,P205,162,0,21,141,64,3
2026-07-15,S04,P330,347,0,41,306,129,4
2026-07-15,S04,P331,134,0,29,105,97,4
2026-07-15,S04,P442,152,496,33,615,194,1
2026-07-15,S04,P443,274,0,110,164,259,1
2026-07-15,S04,P501,96,0,11,85,32,3
2026-07-15,S04,P502,155,0,28,127,64,2
2026-07-15,S04,P601,51,0,31,20,48,4
2026-07-15,S04,P701,110,0,19,91,38,1
2026-07-15,S04,P702,206,0,22,184,81,1
2026-07-16,S01,P101,440,0,68,372,187,2
2026-07-16,S01,P102,51,136,39,148,56,2
2026-07-16,S01,P201,191,0,22,169,93,1
2026-07-16,S01,P205,189,0,26,163,75,4
2026-07-16,S01,P330,128,372,62,438,150,3
2026-07-16,S01,P331,294,0,44,250,112,4
2026-07-16,S01,P442,688,0,116,572,225,2
2026-07-16,S01,P443,685,0,101,584,300,3
2026-07-16,S01,P501,59,0,16,43,37,1
2026-07-16,S01,P502,144,0,22,122,75,1
2026-07-16,S01,P601,75,0,12,63,56,1
2026-07-16,S01,P701,132,0,18,114,45,3
2026-07-16,S01,P702,61,251,28,284,93,1
2026-07-16,S02,P101,826,0,147,679,427,2
2026-07-16,S02,P102,228,0,40,188,128,4
2026-07-16,S02,P201,611,0,78,533,213,1
2026-07-16,S02,P205,122,448,62,508,171,2
2026-07-16,S02,P330,817,0,116,701,342,1
2026-07-16,S02,P331,778,0,76,702,256,2
2026-07-16,S02,P442,654,0,166,488,513,2
2026-07-16,S02,P443,1099,0,250,849,684,1
2026-07-16,S02,P501,123,0,32,91,85,1
2026-07-16,S02,P502,463,0,51,412,171,2
2026-07-16,S02,P601,192,0,44,148,128,1
2026-07-16,S02,P701,149,0,35,114,102,3
2026-07-16,S02,P702,401,0,63,338,213,2
2026-07-16,S03,P101,188,0,32,156,108,2
2026-07-16,S03,P102,85,0,13,72,32,2
2026-07-16,S03,P201,126,0,16,110,54,3
2026-07-16,S03,P205,71,0,18,53,43,1
2026-07-16,S03,P330,225,0,33,192,86,1
2026-07-16,S03,P331,81,0,19,62,64,2
2026-07-16,S03,P442,157,0,33,124,129,4
2026-07-16,S03,P443,254,0,49,205,172,3
2026-07-16,S03,P501,56,0,5,51,21,1
2026-07-16,S03,P502,60,0,11,49,43,2
2026-07-16,S03,P601,52,0,10,42,32,1
2026-07-16,S03,P701,70,0,11,59,25,4
2026-07-16,S03,P702,71,0,22,49,54,2
2026-07-16,S04,P101,166,0,62,104,162,3
2026-07-16,S04,P102,59,0,15,44,48,2
2026-07-16,S04,P201,220,0,30,190,81,4
2026-07-16,S04,P205,141,0,27,114,64,4
2026-07-16,S04,P330,306,0,64,242,129,1
2026-07-16,S04,P331,105,0,34,71,97,1
2026-07-16,S04,P442,615,0,72,543,194,2
2026-07-16,S04,P443,164,700,93,771,259,3
2026-07-16,S04,P501,85,0,8,77,32,2
2026-07-16,S04,P502,127,0,29,98,64,3
2026-07-16,S04,P601,20,142,11,151,48,4
2026-07-16,S04,P701,91,0,14,77,38,2
2026-07-16,S04,P702,184,0,26,158,81,3
2026-07-17,S01,P101,372,0,75,297,187,1
2026-07-17,S01,P102,148,0,24,124,56,2
2026-07-17,S01,P201,169,0,26,143,93,4
2026-07-17,S01,P205,163,0,26,137,75,3
2026-07-17,S01,P330,438,0,49,389,150,4
2026-07-17,S01,P331,250,0,35,215,112,2
2026-07-17,S01,P442,572,0,93,479,225,1
2026-07-17,S01,P443,584,0,161,423,300,4
2026-07-17,S01,P501,43,0,11,32,37,1
2026-07-17,S01,P502,122,0,18,104,75,4
2026-07-17,S01,P601,63,0,23,40,56,3
2026-07-17,S01,P701,114,0,19,95,45,2
2026-07-17,S01,P702,284,0,28,256,93,4
2026-07-17,S02,P101,679,0,132,547,427,3
2026-07-17,S02,P102,188,0,69,119,128,4
2026-07-17,S02,P201,533,0,72,461,213,2
2026-07-17,S02,P205,508,0,58,450,171,1
2026-07-17,S02,P330,701,0,108,593,342,4
2026-07-17,S02,P331,702,0,83,619,256,3
2026-07-17,S02,P442,488,1222,173,1537,513,3
2026-07-17,S02,P443,849,0,220,629,684,1
2026-07-17,S02,P501,91,0,34,57,85,2
2026-07-17,S02,P502,412,0,55,357,171,2
2026-07-17,S02,P601,148,0,51,97,128,2
2026-07-17,S02,P701,114,0,55,59,102,2
2026-07-17,S02,P702,338,0,61,277,213,3
2026-07-17,S03,P101,156,0,50,106,108,1
2026-07-17,S03,P102,72,0,12,60,32,1
2026-07-17,S03,P201,110,0,21,89,54,4
2026-07-17,S03,P205,53,0,18,35,43,4
2026-07-17,S03,P330,192,0,28,164,86,4
2026-07-17,S03,P331,62,153,14,201,64,4
2026-07-17,S03,P442,124,307,42,389,129,4
2026-07-17,S03,P443,205,0,61,144,172,2
2026-07-17,S03,P501,51,0,7,44,21,2
2026-07-17,S03,P502,49,0,11,38,43,3
2026-07-17,S03,P601,42,0,7,35,32,3
2026-07-17,S03,P701,59,0,11,48,25,2
2026-07-17,S03,P702,49,131,19,161,54,2
2026-07-17,S04,P101,104,436,53,487,162,1
2026-07-17,S04,P102,44,118,15,147,48,3
2026-07-17,S04,P201,190,0,24,166,81,3
2026-07-17,S04,P205,114,0,20,94,64,4
2026-07-17,S04,P330,242,0,40,202,129,1
2026-07-17,S04,P331,71,253,27,297,97,1
2026-07-17,S04,P442,543,0,78,465,194,4
2026-07-17,S04,P443,771,0,81,690,259,1
2026-07-17,S04,P501,77,0,4,73,32,4
2026-07-17,S04,P502,98,0,26,72,64,1
2026-07-17,S04,P601,151,0,13,138,48,4
2026-07-17,S04,P701,77,0,12,65,38,4
2026-07-17,S04,P702,158,0,35,123,81,4
2026-07-18,S01,P101,297,0,97,200,187,3
2026-07-18,S01,P102,124,0,22,102,56,4
2026-07-18,S01,P201,143,0,32,111,93,3
2026-07-18,S01,P205,137,0,26,111,75,1
2026-07-18,S01,P330,389,0,68,321,150,4
2026-07-18,S01,P331,215,0,55,160,112,1
2026-07-18,S01,P442,479,0,83,396,225,4
2026-07-18,S01,P443,423,0,201,222,300,4
2026-07-18,S01,P501,32,93,24,101,37,1
2026-07-18,S01,P502,104,0,27,77,75,3
2026-07-18,S01,P601,40,147,20,167,56,4
2026-07-18,S01,P701,95,0,25,70,45,3
2026-07-18,S01,P702,256,0,36,220,93,1
2026-07-18,S02,P101,547,0,182,365,427,1
2026-07-18,S02,P102,119,308,69,358,128,2
2026-07-18,S02,P201,461,0,96,365,213,2
2026-07-18,S02,P205,450,0,75,375,171,4
2026-07-18,S02,P330,593,0,140,453,342,4
2026-07-18,S02,P331,619,0,171,448,256,2
2026-07-18,S02,P442,1537,0,218,1319,513,2
2026-07-18,S02,P443,629,1651,402,1878,684,1
2026-07-18,S02,P501,57,228,53,232,85,1
2026-07-18,S02,P502,357,0,77,280,171,3
2026-07-18,S02,P601,97,330,61,366,128,1
2026-07-18,S02,P701,59,283,45,297,102,1
2026-07-18,S02,P702,277,0,104,173,213,3
2026-07-18,S03,P101,106,254,52,308,108,1
2026-07-18,S03,P102,60,0,12,48,32,2
2026-07-18,S03,P201,89,0,26,63,54,3
2026-07-18,S03,P205,35,109,19,125,43,2
2026-07-18,S03,P330,164,0,40,124,86,2
2026-07-18,S03,P331,201,0,19,182,64,2
2026-07-18,S03,P442,389,0,54,335,129,4
2026-07-18,S03,P443,144,432,76,500,172,2
2026-07-18,S03,P501,44,0,8,36,21,3
2026-07-18,S03,P502,38,106,24,120,43,4
2026-07-18,S03,P601,35,0,23,12,32,3
2026-07-18,S03,P701,48,0,16,32,25,1
2026-07-18,S03,P702,161,0,25,136,54,4
2026-07-18,S04,P101,487,0,53,434,162,1
2026-07-18,S04,P102,147,0,19,128,48,4
2026-07-18,S04,P201,166,0,37,129,81,2
2026-07-18,S04,P205,94,0,21,73,64,4
2026-07-18,S04,P330,202,0,67,135,129,1
2026-07-18,S04,P331,297,0,46,251,97,3
2026-07-18,S04,P442,465,0,94,371,194,3
2026-07-18,S04,P443,690,0,105,585,259,4
2026-07-18,S04,P501,73,0,14,59,32,3
2026-07-18,S04,P502,72,0,23,49,64,3
2026-07-18,S04,P601,138,0,17,121,48,2
2026-07-18,S04,P701,65,0,16,49,38,3
2026-07-18,S04,P702,123,0,24,99,81,4
2026-07-19,S01,P101,200,0,95,105,187,2
2026-07-19,S01,P102,102,0,27,75,56,3
2026-07-19,S01,P201,111,0,35,76,93,3
2026-07-19,S01,P205,111,0,27,84,75,3
2026-07-19,S01,P330,321,0,63,258,150,2
2026-07-19,S01,P331,160,0,53,107,112,1
2026-07-19,S01,P442,396,0,107,289,225,1
2026-07-19,S01,P443,222,778,139,861,300,2
2026-07-19,S01,P501,101,0,6,95,37,1
2026-07-19,S01,P502,77,0,37,40,75,1
2026-07-19,S01,P601,167,0,44,123,56,2
2026-07-19,S01,P701,70,0,27,43,45,4
2026-07-19,S01,P702,220,0,40,180,93,4
2026-07-19,S02,P101,365,1060,181,1244,427,2
2026-07-19,S02,P102,358,0,103,255,128,3
2026-07-19,S02,P201,365,0,84,281,213,4
2026-07-19,S02,P205,375,0,72,303,171,2
2026-07-19,S02,P330,453,0,158,295,342,3
2026-07-19,S02,P331,448,0,116,332,256,3
2026-07-19,S02,P442,1319,0,203,1116,513,1
2026-07-19,S02,P443,1878,0,308,1570,684,3
2026-07-19,S02,P501,232,0,48,184,85,3
2026-07-19,S02,P502,280,0,63,217,171,2
2026-07-19,S02,P601,366,0,61,305,128,3
2026-07-19,S02,P701,297,0,44,253,102,2
2026-07-19,S02,P702,173,539,90,622,213,1
2026-07-19,S03,P101,308,0,42,266,108,1
2026-07-19,S03,P102,48,0,10,38,32,1
2026-07-19,S03,P201,63,0,35,28,54,4
2026-07-19,S03,P205,125,0,22,103,43,4
2026-07-19,S03,P330,124,0,51,73,86,3
2026-07-19,S03,P331,182,0,21,161,64,3
2026-07-19,S03,P442,335,0,69,266,129,2
2026-07-19,S03,P443,500,0,77,423,172,2
2026-07-19,S03,P501,36,0,13,23,21,1
2026-07-19,S03,P502,120,0,21,99,43,1
2026-07-19,S03,P601,12,95,12,95,32,4
2026-07-19,S03,P701,32,0,13,19,25,2
2026-07-19,S03,P702,136,0,26,110,54,4
2026-07-19,S04,P101,434,0,66,368,162,3
2026-07-19,S04,P102,128,0,24,104,48,3
2026-07-19,S04,P201,129,0,38,91,81,2
2026-07-19,S04,P205,73,0,25,48,64,4
2026-07-19,S04,P330,135,0,50,85,129,1
2026-07-19,S04,P331,251,0,34,217,97,4
2026-07-19,S04,P442,371,0,81,290,194,3
2026-07-19,S04,P443,585,0,101,484,259,4
2026-07-19,S04,P501,59,0,14,45,32,2
2026-07-19,S04,P502,49,167,39,177,64,4
2026-07-19,S04,P601,121,0,16,105,48,4
2026-07-19,S04,P701,49,0,15,34,38,3
2026-07-19,S04,P702,99,0,42,57,81,4
2026-07-20,S01,P101,105,520,75,550,187,1
2026-07-20,S01,P102,75,0,26,49,56,4
2026-07-20,S01,P201,76,236,31,281,93,2
2026-07-20,S01,P205,84,0,22,62,75,3
2026-07-20,S01,P330,258,0,71,187,150,3
2026-07-20,S01,P331,107,268,29,346,112,1
2026-07-20,S01,P442,289,0,58,231,225,4
2026-07-20,S01,P443,861,0,146,715,300,2
2026-07-20,S01,P501,95,0,14,81,37,2
2026-07-20,S01,P502,40,210,32,218,75,2
2026-07-20,S01,P601,123,0,11,112,56,1
2026-07-20,S01,P701,43,107,17,133,45,2
2026-07-20,S01,P702,180,0,35,145,93,3
2026-07-20,S02,P101,1244,0,140,1104,427,3
2026-07-20,S02,P102,255,0,52,203,128,1
2026-07-20,S02,P201,281,0,63,218,213,1
2026-07-20,S02,P205,303,0,76,227,171,4
2026-07-20,S02,P330,295,845,92,1048,342,2
2026-07-20,S02,P331,332,0,84,248,256,3
2026-07-20,S02,P442,1116,0,160,956,513,2
2026-07-20,S02,P443,1570,0,303,1267,684,4
2026-07-20,S02,P501,184,0,29,155,85,2
2026-07-20,S02,P502,217,0,57,160,171,2
2026-07-20,S02,P601,305,0,62,243,128,2
2026-07-20,S02,P701,253,0,33,220,102,3
2026-07-20,S02,P702,622,0,64,558,213,2
2026-07-20,S03,P101,266,0,42,224,108,4
2026-07-20,S03,P102,38,0,10,28,32,3
2026-07-20,S03,P201,28,152,17,163,54,3
2026-07-20,S03,P205,103,0,11,92,43,2
2026-07-20,S03,P330,73,215,23,265,86,1
2026-07-20,S03,P331,161,0,23,138,64,4
2026-07-20,S03,P442,266,0,47,219,129,4
2026-07-20,S03,P443,423,0,53,370,172,1
2026-07-20,S03,P501,23,0,7,16,21,4
2026-07-20,S03,P502,99,0,15,84,43,3
2026-07-20,S03,P601,95,0,11,84,32,3
2026-07-20,S03,P701,19,67,9,77,25,1
2026-07-20,S03,P702,110,0,18,92,54,4
2026-07-20,S04,P101,368,0,36,332,162,2
2026-07-20,S04,P102,104,0,25,79,48,2
2026-07-20,S04,P201,91,0,35,56,81,1
2026-07-20,S04,P205,48,168,13,203,64,2
2026-07-20,S04,P330,85,347,50,382,129,2
2026-07-20,S04,P331,217,0,33,184,97,4
2026-07-20,S04,P442,290,0,59,231,194,2
2026-07-20,S04,P443,484,0,81,403,259,1
2026-07-20,S04,P501,45,0,10,35,32,3
2026-07-20,S04,P502,177,0,32,145,64,4
2026-07-20,S04,P601,105,0,17,88,48,1
2026-07-20,S04,P701,34,95,18,111,38,3
2026-07-20,S04,P702,57,213,29,241,81,4
2026-07-21,S01,P101,550,0,63,487,187,4
2026-07-21,S01,P102,49,138,21,166,56,4
2026-07-21,S01,P201,281,0,36,245,93,2
2026-07-21,S01,P205,62,188,21,229,75,2
2026-07-21,S01,P330,187,0,48,139,150,4
2026-07-21,S01,P331,346,0,36,310,112,2
2026-07-21,S01,P442,231,0,74,157,225,2
2026-07-21,S01,P443,715,0,98,617,300,3
2026-07-21,S01,P501,81,0,7,74,37,4
2026-07-21,S01,P502,218,0,17,201,75,2
2026-07-21,S01,P601,112,0,15,97,56,1
2026-07-21,S01,P701,133,0,20,113,45,4
2026-07-21,S01,P702,145,0,35,110,93,4
2026-07-21,S02,P101,1104,0,149,955,427,2
2026-07-21,S02,P102,203,0,45,158,128,3
2026-07-21,S02,P201,218,0,67,151,213,3
2026-07-21,S02,P205,227,0,67,160,171,3
2026-07-21,S02,P330,1048,0,120,928,342,1
2026-07-21,S02,P331,248,607,91,764,256,4
2026-07-21,S02,P442,956,0,178,778,513,3
2026-07-21,S02,P443,1267,0,238,1029,684,3
2026-07-21,S02,P501,155,0,25,130,85,3
2026-07-21,S02,P502,160,410,79,491,171,3
2026-07-21,S02,P601,243,0,39,204,128,3
2026-07-21,S02,P701,220,0,31,189,102,2
2026-07-21,S02,P702,558,0,82,476,213,1
2026-07-21,S03,P101,224,0,48,176,108,2
2026-07-21,S03,P102,28,79,16,91,32,2
2026-07-21,S03,P201,163,0,17,146,54,3
2026-07-21,S03,P205,92,0,8,84,43,1
2026-07-21,S03,P330,265,0,20,245,86,2
2026-07-21,S03,P331,138,0,21,117,64,3
2026-07-21,S03,P442,219,0,37,182,129,4
2026-07-21,S03,P443,370,0,81,289,172,3
2026-07-21,S03,P501,16,56,6,66,21,4
2026-07-21,S03,P502,84,0,18,66,43,1
2026-07-21,S03,P601,84,0,14,70,32,2
2026-07-21,S03,P701,77,0,13,64,25,3
2026-07-21,S03,P702,92,0,16,76,54,1
2026-07-21,S04,P101,332,0,53,279,162,3
2026-07-21,S04,P102,79,0,13,66,48,1
2026-07-21,S04,P201,56,214,20,250,81,3
2026-07-21,S04,P205,203,0,25,178,64,2
2026-07-21,S04,P330,382,0,30,352,129,4
2026-07-21,S04,P331,184,0,29,155,97,4
2026-07-21,S04,P442,231,0,53,178,194,4
2026-07-21,S04,P443,403,0,78,325,259,1
2026-07-21,S04,P501,35,0,8,27,32,1
2026-07-21,S04,P502,145,0,32,113,64,4
2026-07-21,S04,P601,88,0,24,64,48,3
2026-07-21,S04,P701,111,0,14,97,38,1
2026-07-21,S04,P702,241,0,35,206,81,1
2026-07-22,S01,P101,487,0,93,394,187,4
2026-07-22,S01,P102,166,0,22,144,56,3
2026-07-22,S01,P201,245,0,24,221,93,4
2026-07-22,S01,P205,229,0,38,191,75,3
2026-07-22,S01,P330,139,361,53,447,150,3
2026-07-22,S01,P331,310,0,46,264,112,1
2026-07-22,S01,P442,157,593,72,678,225,1
2026-07-22,S01,P443,617,0,113,504,300,2
2026-07-22,S01,P501,74,0,11,63,37,1
2026-07-22,S01,P502,201,0,25,176,75,3
2026-07-22,S01,P601,97,0,16,81,56,4
2026-07-22,S01,P701,113,0,13,100,45,4
2026-07-22,S01,P702,110,0,28,82,93,1
2026-07-22,S02,P101,955,0,145,810,427,1
2026-07-22,S02,P102,158,0,43,115,128,2
2026-07-22,S02,P201,151,561,73,639,213,1
2026-07-22,S02,P205,160,410,59,511,171,1
2026-07-22,S02,P330,928,0,115,813,342,1
2026-07-22,S02,P331,764,0,86,678,256,2
2026-07-22,S02,P442,778,0,176,602,513,3
2026-07-22,S02,P443,1029,0,242,787,684,3
2026-07-22,S02,P501,130,0,25,105,85,3
2026-07-22,S02,P502,491,0,65,426,171,3
2026-07-22,S02,P601,204,0,39,165,128,1
2026-07-22,S02,P701,189,0,31,158,102,4
2026-07-22,S02,P702,476,0,71,405,213,4
2026-07-22,S03,P101,176,0,33,143,108,2
2026-07-22,S03,P102,91,0,8,83,32,1
2026-07-22,S03,P201,146,0,14,132,54,2
2026-07-22,S03,P205,84,0,16,68,43,2
2026-07-22,S03,P330,245,0,28,217,86,3
2026-07-22,S03,P331,117,0,14,103,64,3
2026-07-22,S03,P442,182,0,44,138,129,4
2026-07-22,S03,P443,289,0,55,234,172,2
2026-07-22,S03,P501,66,0,8,58,21,4
2026-07-22,S03,P502,66,0,15,51,43,2
2026-07-22,S03,P601,70,0,8,62,32,2
2026-07-22,S03,P701,64,0,7,57,25,2
2026-07-22,S03,P702,76,0,18,58,54,4
2026-07-22,S04,P101,279,0,78,201,162,3
2026-07-22,S04,P102,66,0,14,52,48,3
2026-07-22,S04,P201,250,0,41,209,81,1
2026-07-22,S04,P205,178,0,13,165,64,4
2026-07-22,S04,P330,352,0,48,304,129,3
2026-07-22,S04,P331,155,0,28,127,97,4
2026-07-22,S04,P442,178,470,69,579,194,1
2026-07-22,S04,P443,325,0,85,240,259,1
2026-07-22,S04,P501,27,81,15,93,32,3
2026-07-22,S04,P502,113,0,19,94,64,3
2026-07-22,S04,P601,64,0,15,49,48,2
2026-07-22,S04,P701,97,0,15,82,38,1
2026-07-22,S04,P702,206,0,27,179,81,3
2026-07-23,S01,P101,394,0,52,342,187,2
2026-07-23,S01,P102,144,0,14,130,56,1
2026-07-23,S01,P201,221,0,27,194,93,2
2026-07-23,S01,P205,191,0,24,167,75,2
2026-07-23,S01,P330,447,0,58,389,150,1
2026-07-23,S01,P331,264,0,44,220,112,3
2026-07-23,S01,P442,678,0,78,600,225,2
2026-07-23,S01,P443,504,0,153,351,300,4
2026-07-23,S01,P501,63,0,15,48,37,4
2026-07-23,S01,P502,176,0,23,153,75,4
2026-07-23,S01,P601,81,0,29,52,56,1
2026-07-23,S01,P701,100,0,16,84,45,3
2026-07-23,S01,P702,82,230,34,278,93,3
2026-07-23,S02,P101,810,0,157,653,427,2
2026-07-23,S02,P102,115,312,54,373,128,2
2026-07-23,S02,P201,639,0,76,563,213,2
2026-07-23,S02,P205,511,0,61,450,171,2
2026-07-23,S02,P330,813,0,129,684,342,2
2026-07-23,S02,P331,678,0,84,594,256,3
2026-07-23,S02,P442,602,0,186,416,513,4
2026-07-23,S02,P443,787,0,334,453,684,3
2026-07-23,S02,P501,105,0,18,87,85,4
2026-07-23,S02,P502,426,0,65,361,171,4
2026-07-23,S02,P601,165,0,86,79,128,1
2026-07-23,S02,P701,158,0,31,127,102,4
2026-07-23,S02,P702,405,0,74,331,213,1
2026-07-23,S03,P101,143,0,38,105,108,2
2026-07-23,S03,P102,83,0,12,71,32,1
2026-07-23,S03,P201,132,0,16,116,54,4
2026-07-23,S03,P205,68,0,19,49,43,4
2026-07-23,S03,P330,217,0,29,188,86,1
2026-07-23,S03,P331,103,0,24,79,64,4
2026-07-23,S03,P442,138,0,41,97,129,1
2026-07-23,S03,P443,234,0,50,184,172,2
2026-07-23,S03,P501,58,0,10,48,21,2
2026-07-23,S03,P502,51,0,15,36,43,4
2026-07-23,S03,P601,62,0,7,55,32,4
2026-07-23,S03,P701,57,0,8,49,25,1
2026-07-23,S03,P702,58,0,21,37,54,2
2026-07-23,S04,P101,201,0,54,147,162,4
2026-07-23,S04,P102,52,0,14,38,48,3
2026-07-23,S04,P201,209,0,36,173,81,1
2026-07-23,S04,P205,165,0,21,144,64,4
2026-07-23,S04,P330,304,0,43,261,129,1
2026-07-23,S04,P331,127,0,34,93,97,1
2026-07-23,S04,P442,579,0,48,531,194,2
2026-07-23,S04,P443,240,624,85,779,259,3
2026-07-23,S04,P501,93,0,14,79,32,2
2026-07-23,S04,P502,94,0,25,69,64,4
2026-07-23,S04,P601,49,0,21,28,48,1
2026-07-23,S04,P701,82,0,12,70,38,2
2026-07-23,S04,P702,179,0,30,149,81,3
2026-07-24,S01,P101,342,0,61,281,187,4
2026-07-24,S01,P102,130,0,19,111,56,1
2026-07-24,S01,P201,194,0,32,162,93,1
2026-07-24,S01,P205,167,0,27,140,75,3
2026-07-24,S01,P330,389,0,46,343,150,3
2026-07-24,S01,P331,220,0,43,177,112,1
2026-07-24,S01,P442,600,0,73,527,225,4
2026-07-24,S01,P443,351,0,106,245,300,4
2026-07-24,S01,P501,48,0,5,43,37,1
2026-07-24,S01,P502,153,0,21,132,75,3
2026-07-24,S01,P601,52,135,20,167,56,4
2026-07-24,S01,P701,84,0,15,69,45,1
2026-07-24,S01,P702,278,0,27,251,93,4
2026-07-24,S02,P101,653,0,147,506,427,2
2026-07-24,S02,P102,373,0,37,336,128,4
2026-07-24,S02,P201,563,0,63,500,213,3
2026-07-24,S02,P205,450,0,58,392,171,1
2026-07-24,S02,P330,684,0,117,567,342,4
2026-07-24,S02,P331,594,0,89,505,256,1
2026-07-24,S02,P442,416,1294,170,1540,513,1
2026-07-24,S02,P443,453,1827,255,2025,684,1
2026-07-24,S02,P501,87,0,33,54,85,3
2026-07-24,S02,P502,361,0,53,308,171,3
2026-07-24,S02,P601,79,348,41,386,128,2
2026-07-24,S02,P701,127,0,35,92,102,4
2026-07-24,S02,P702,331,0,68,263,213,1
2026-07-24,S03,P101,105,255,31,329,108,4
2026-07-24,S03,P102,71,0,12,59,32,3
2026-07-24,S03,P201,116,0,16,100,54,3
2026-07-24,S03,P205,49,0,16,33,43,4
2026-07-24,S03,P330,188,0,43,145,86,4
2026-07-24,S03,P331,79,0,34,45,64,3
2026-07-24,S03,P442,97,334,41,390,129,1
2026-07-24,S03,P443,184,0,49,135,172,1
2026-07-24,S03,P501,48,0,8,40,21,2
2026-07-24,S03,P502,36,108,8,136,43,1
2026-07-24,S03,P601,55,0,14,41,32,3
2026-07-24,S03,P701,49,0,6,43,25,4
2026-07-24,S03,P702,37,143,17,163,54,3
2026-07-24,S04,P101,147,393,80,460,162,2
2026-07-24,S04,P102,38,124,20,142,48,3
2026-07-24,S04,P201,173,0,34,139,81,1
2026-07-24,S04,P205,144,0,21,123,64,2
2026-07-24,S04,P330,261,0,48,213,129,2
2026-07-24,S04,P331,93,231,42,282,97,3
2026-07-24,S04,P442,531,0,61,470,194,2
2026-07-24,S04,P443,779,0,81,698,259,1
2026-07-24,S04,P501,79,0,10,69,32,1
2026-07-24,S04,P502,69,0,25,44,64,1
2026-07-24,S04,P601,28,134,13,149,48,3
2026-07-24,S04,P701,70,0,20,50,38,1
2026-07-24,S04,P702,149,0,38,111,81,3
2026-07-25,S01,P101,281,0,130,151,187,1
2026-07-25,S01,P102,111,0,28,83,56,1
2026-07-25,S01,P201,162,0,43,119,93,2
2026-07-25,S01,P205,140,0,29,111,75,4
2026-07-25,S01,P330,343,0,57,286,150,3
2026-07-25,S01,P331,177,0,39,138,112,1
2026-07-25,S01,P442,527,0,112,415,225,3
2026-07-25,S01,P443,245,755,122,878,300,4
2026-07-25,S01,P501,43,0,15,28,37,2
2026-07-25,S01,P502,132,0,25,107,75,3
2026-07-25,S01,P601,167,0,18,149,56,1
2026-07-25,S01,P701,69,0,20,49,45,3
2026-07-25,S01,P702,251,0,43,208,93,2
2026-07-25,S02,P101,506,0,289,217,427,4
2026-07-25,S02,P102,336,0,58,278,128,4
2026-07-25,S02,P201,500,0,97,403,213,2
2026-07-25,S02,P205,392,0,64,328,171,2
2026-07-25,S02,P330,567,0,140,427,342,2
2026-07-25,S02,P331,505,0,118,387,256,3
2026-07-25,S02,P442,1540,0,222,1318,513,1
2026-07-25,S02,P443,2025,0,269,1756,684,2
2026-07-25,S02,P501,54,231,43,242,85,4
2026-07-25,S02,P502,308,0,82,226,171,2
2026-07-25,S02,P601,386,0,46,340,128,2
2026-07-25,S02,P701,92,250,51,291,102,3
2026-07-25,S02,P702,263,0,90,173,213,4
2026-07-25,S03,P101,329,0,52,277,108,2
2026-07-25,S03,P102,59,0,20,39,32,1
2026-07-25,S03,P201,100,0,35,65,54,4
2026-07-25,S03,P205,33,111,14,130,43,1
2026-07-25,S03,P330,145,0,33,112,86,3
2026-07-25,S03,P331,45,170,29,186,64,4
2026-07-25,S03,P442,390,0,47,343,129,4
2026-07-25,S03,P443,135,441,84,492,172,4
2026-07-25,S03,P501,40,0,10,30,21,4
2026-07-25,S03,P502,136,0,17,119,43,3
2026-07-25,S03,P601,41,0,10,31,32,1
2026-07-25,S03,P701,43,0,2,41,25,3
2026-07-25,S03,P702,163,0,24,139,54,4
2026-07-25,S04,P101,460,0,66,394,162,2
2026-07-25,S04,P102,142,0,15,127,48,1
2026-07-25,S04,P201,139,0,28,111,81,3
2026-07-25,S04,P205,123,0,31,92,64,1
2026-07-25,S04,P330,213,0,70,143,129,1
2026-07-25,S04,P331,282,0,42,240,97,4
2026-07-25,S04,P442,470,0,87,383,194,3
2026-07-25,S04,P443,698,0,119,579,259,2
2026-07-25,S04,P501,69,0,19,50,32,2
2026-07-25,S04,P502,44,172,26,190,64,1
2026-07-25,S04,P601,149,0,27,122,48,2
2026-07-25,S04,P701,50,0,18,32,38,2
2026-07-25,S04,P702,111,0,31,80,81,2
2026-07-26,S01,P101,151,474,92,533,187,1
2026-07-26,S01,P102,83,0,20,63,56,2
2026-07-26,S01,P201,119,0,36,83,93,2
2026-07-26,S01,P205,111,0,35,76,75,4
2026-07-26,S01,P330,286,0,97,189,150,4
2026-07-26,S01,P331,138,0,44,94,112,1
2026-07-26,S01,P442,415,0,98,317,225,4
2026-07-26,S01,P443,878,0,128,750,300,2
2026-07-26,S01,P501,28,97,24,101,37,2
2026-07-26,S01,P502,107,0,44,63,75,3
2026-07-26,S01,P601,149,0,26,123,56,4
2026-07-26,S01,P701,49,0,15,34,45,3
2026-07-26,S01,P702,208,0,47,161,93,1
2026-07-26,S02,P101,217,1208,179,1246,427,2
2026-07-26,S02,P102,278,0,58,220,128,3
2026-07-26,S02,P201,403,0,91,312,213,3
2026-07-26,S02,P205,328,0,76,252,171,4
2026-07-26,S02,P330,427,0,252,175,342,2
2026-07-26,S02,P331,387,0,118,269,256,4
2026-07-26,S02,P442,1318,0,210,1108,513,1
2026-07-26,S02,P443,1756,0,314,1442,684,3
2026-07-26,S02,P501,242,0,32,210,85,3
2026-07-26,S02,P502,226,0,79,147,171,4
2026-07-26,S02,P601,340,0,65,275,128,2
2026-07-26,S02,P701,291,0,35,256,102,4
2026-07-26,S02,P702,173,539,81,631,213,4
2026-07-26,S03,P101,277,0,32,245,108,4
2026-07-26,S03,P102,39,0,19,20,32,4
2026-07-26,S03,P201,65,0,32,33,54,4
2026-07-26,S03,P205,130,0,25,105,43,3
2026-07-26,S03,P330,112,0,42,70,86,4
2026-07-26,S03,P331,186,0,42,144,64,3
2026-07-26,S03,P442,343,0,53,290,129,1
2026-07-26,S03,P443,492,0,79,413,172,1
2026-07-26,S03,P501,30,0,13,17,21,1
2026-07-26,S03,P502,119,0,30,89,43,1
2026-07-26,S03,P601,31,76,20,87,32,2
2026-07-26,S03,P701,41,0,8,33,25,3
2026-07-26,S03,P702,139,0,22,117,54,4
2026-07-26,S04,P101,394,0,97,297,162,4
2026-07-26,S04,P102,127,0,17,110,48,2
2026-07-26,S04,P201,111,0,42,69,81,1
2026-07-26,S04,P205,92,0,44,48,64,4
2026-07-26,S04,P330,143,0,45,98,129,2
2026-07-26,S04,P331,240,0,44,196,97,2
2026-07-26,S04,P442,383,0,54,329,194,2
2026-07-26,S04,P443,579,0,112,467,259,4
2026-07-26,S04,P501,50,0,9,41,32,2
2026-07-26,S04,P502,190,0,31,159,64,2
2026-07-26,S04,P601,122,0,22,100,48,2
2026-07-26,S04,P701,32,97,10,119,38,1
2026-07-26,S04,P702,80,190,34,236,81,3
2026-07-27,S01,P101,533,0,66,467,187,2
2026-07-27,S01,P102,63,0,15,48,56,4
2026-07-27,S01,P201,83,229,39,273,93,1
2026-07-27,S01,P205,76,0,26,50,75,4
2026-07-27,S01,P330,189,0,42,147,150,2
2026-07-27,S01,P331,94,281,46,329,112,3
2026-07-27,S01,P442,317,0,69,248,225,2
2026-07-27,S01,P443,750,0,100,650,300,2
2026-07-27,S01,P501,101,0,8,93,37,4
2026-07-27,S01,P502,63,187,29,221,75,4
2026-07-27,S01,P601,123,0,25,98,56,2
2026-07-27,S01,P701,34,116,11,139,45,4
2026-07-27,S01,P702,161,0,24,137,93,2
2026-07-27,S02,P101,1246,0,139,1107,427,2
2026-07-27,S02,P102,220,0,43,177,128,4
2026-07-27,S02,P201,312,0,69,243,213,3
2026-07-27,S02,P205,252,0,64,188,171,2
2026-07-27,S02,P330,175,965,113,1027,342,2
2026-07-27,S02,P331,269,0,74,195,256,2
2026-07-27,S02,P442,1108,0,166,942,513,2
2026-07-27,S02,P443,1442,0,204,1238,684,4
2026-07-27,S02,P501,210,0,22,188,85,3
2026-07-27,S02,P502,147,423,55,515,171,1
2026-07-27,S02,P601,275,0,47,228,128,1
2026-07-27,S02,P701,256,0,35,221,102,3
2026-07-27,S02,P702,631,0,79,552,213,4
2026-07-27,S03,P101,245,0,32,213,108,3
2026-07-27,S03,P102,20,87,12,95,32,4
2026-07-27,S03,P201,33,147,23,157,54,3
2026-07-27,S03,P205,105,0,15,90,43,1
2026-07-27,S03,P330,70,218,30,258,86,1
2026-07-27,S03,P331,144,0,15,129,64,3
2026-07-27,S03,P442,290,0,43,247,129,2
2026-07-27,S03,P443,413,0,58,355,172,2
2026-07-27,S03,P501,17,55,8,64,21,4
2026-07-27,S03,P502,89,0,13,76,43,2
2026-07-27,S03,P601,87,0,9,78,32,1
2026-07-27,S03,P701,33,0,5,28,25,4
2026-07-27,S03,P702,117,0,23,94,54,4
2026-07-27,S04,P101,297,0,59,238,162,3
2026-07-27,S04,P102,110,0,16,94,48,1
2026-07-27,S04,P201,69,201,32,238,81,4
2026-07-27,S04,P205,48,168,28,188,64,3
2026-07-27,S04,P330,98,334,52,380,129,1
2026-07-27,S04,P331,196,0,25,171,97,3
2026-07-27,S04,P442,329,0,98,231,194,2
2026-07-27,S04,P443,467,0,88,379,259,1
2026-07-27,S04,P501,41,0,12,29,32,3
2026-07-27,S04,P502,159,0,26,133,64,4
2026-07-27,S04,P601,100,0,17,83,48,2
2026-07-27,S04,P701,119,0,15,104,38,1
2026-07-27,S04,P702,236,0,20,216,81,2
2026-07-28,S01,P101,467,0,51,416,187,2
2026-07-28,S01,P102,48,139,15,172,56,3
2026-07-28,S01,P201,273,0,51,222,93,4
2026-07-28,S01,P205,50,200,24,226,75,2
2026-07-28,S01,P330,147,353,73,427,150,2
2026-07-28,S01,P331,329,0,44,285,112,3
2026-07-28,S01,P442,248,0,112,136,225,4
2026-07-28,S01,P443,650,0,116,534,300,1
2026-07-28,S01,P501,93,0,11,82,37,4
2026-07-28,S01,P502,221,0,25,196,75,2
2026-07-28,S01,P601,98,0,19,79,56,3
2026-07-28,S01,P701,139,0,14,125,45,3
2026-07-28,S01,P702,137,0,27,110,93,4
2026-07-28,S02,P101,1107,0,124,983,427,4
2026-07-28,S02,P102,177,0,42,135,128,1
2026-07-28,S02,P201,243,0,78,165,213,4
2026-07-28,S02,P205,188,0,66,122,171,2
2026-07-28,S02,P330,1027,0,104,923,342,4
2026-07-28,S02,P331,195,660,93,762,256,1
2026-07-28,S02,P442,942,0,186,756,513,2
2026-07-28,S02,P443,1238,0,215,1023,684,3
2026-07-28,S02,P501,188,0,21,167,85,1
2026-07-28,S02,P502,515,0,55,460,171,1
2026-07-28,S02,P601,228,0,62,166,128,4
2026-07-28,S02,P701,221,0,46,175,102,1
2026-07-28,S02,P702,552,0,83,469,213,4
2026-07-28,S03,P101,213,0,26,187,108,2
2026-07-28,S03,P102,95,0,13,82,32,4
2026-07-28,S03,P201,157,0,31,126,54,3
2026-07-28,S03,P205,90,0,19,71,43,2
2026-07-28,S03,P330,258,0,27,231,86,4
2026-07-28,S03,P331,129,0,21,108,64,2
2026-07-28,S03,P442,247,0,49,198,129,2
2026-07-28,S03,P443,355,0,58,297,172,4
2026-07-28,S03,P501,64,0,13,51,21,1
2026-07-28,S03,P502,76,0,17,59,43,4
2026-07-28,S03,P601,78,0,12,66,32,1
2026-07-28,S03,P701,28,0,7,21,25,4
2026-07-28,S03,P702,94,0,25,69,54,3
2026-07-28,S04,P101,238,0,51,187,162,3
2026-07-28,S04,P102,94,0,25,69,48,4
2026-07-28,S04,P201,238,0,29,209,81,3
2026-07-28,S04,P205,188,0,17,171,64,2
2026-07-28,S04,P330,380,0,52,328,129,4
2026-07-28,S04,P331,171,0,25,146,97,3
2026-07-28,S04,P442,231,0,59,172,194,2
2026-07-28,S04,P443,379,0,100,279,259,2
2026-07-28,S04,P501,29,79,13,95,32,2
2026-07-28,S04,P502,133,0,15,118,64,2
2026-07-28,S04,P601,83,0,15,68,48,2
2026-07-28,S04,P701,104,0,14,90,38,1
2026-07-28,S04,P702,216,0,18,198,81,1
2026-07-29,S01,P101,416,0,57,359,187,1
2026-07-29,S01,P102,172,0,16,156,56,2
2026-07-29,S01,P201,222,0,29,193,93,4
2026-07-29,S01,P205,226,0,28,198,75,3
2026-07-29,S01,P330,427,0,58,369,150,1
2026-07-29,S01,P331,285,0,40,245,112,1
2026-07-29,S01,P442,136,614,70,680,225,2
2026-07-29,S01,P443,534,0,113,421,300,1
2026-07-29,S01,P501,82,0,12,70,37,3
2026-07-29,S01,P502,196,0,23,173,75,4
2026-07-29,S01,P601,79,0,22,57,56,3
2026-07-29,S01,P701,125,0,19,106,45,3
2026-07-29,S01,P702,110,0,22,88,93,1
2026-07-29,S02,P101,983,0,124,859,427,1
2026-07-29,S02,P102,135,0,44,91,128,3
2026-07-29,S02,P201,165,547,71,641,213,1
2026-07-29,S02,P205,122,448,53,517,171,4
2026-07-29,S02,P330,923,0,118,805,342,3
2026-07-29,S02,P331,762,0,90,672,256,4
2026-07-29,S02,P442,756,0,196,560,513,1
2026-07-29,S02,P443,1023,0,228,795,684,2
2026-07-29,S02,P501,167,0,25,142,85,4
2026-07-29,S02,P502,460,0,64,396,171,2
2026-07-29,S02,P601,166,0,42,124,128,3
2026-07-29,S02,P701,175,0,63,112,102,2
2026-07-29,S02,P702,469,0,97,372,213,3
2026-07-29,S03,P101,187,0,34,153,108,1
2026-07-29,S03,P102,82,0,9,73,32,3
2026-07-29,S03,P201,126,0,20,106,54,2
2026-07-29,S03,P205,71,0,27,44,43,2
2026-07-29,S03,P330,231,0,36,195,86,4
2026-07-29,S03,P331,108,0,25,83,64,2
2026-07-29,S03,P442,198,0,47,151,129,2
2026-07-29,S03,P443,297,0,57,240,172,1
2026-07-29,S03,P501,51,0,9,42,21,4
2026-07-29,S03,P502,59,0,17,42,43,4
2026-07-29,S03,P601,66,0,13,53,32,4
2026-07-29,S03,P701,21,65,7,79,25,1
2026-07-29,S03,P702,69,0,19,50,54,1
2026-07-29,S04,P101,187,0,53,134,162,2
2026-07-29,S04,P102,69,0,13,56,48,3
2026-07-29,S04,P201,209,0,16,193,81,4
2026-07-29,S04,P205,171,0,24,147,64,4
2026-07-29,S04,P330,328,0,45,283,129,2
2026-07-29,S04,P331,146,0,17,129,97,4
2026-07-29,S04,P442,172,476,55,593,194,1
2026-07-29,S04,P443,279,0,75,204,259,2
2026-07-29,S04,P501,95,0,18,77,32,4
2026-07-29,S04,P502,118,0,18,100,64,2
2026-07-29,S04,P601,68,0,16,52,48,4
2026-07-29,S04,P701,90,0,8,82,38,2
2026-07-29,S04,P702,198,0,24,174,81,3
2026-07-30,S01,P101,359,0,62,297,187,4
2026-07-30,S01,P102,156,0,19,137,56,4
2026-07-30,S01,P201,193,0,34,159,93,4
2026-07-30,S01,P205,198,0,29,169,75,3
2026-07-30,S01,P330,369,0,44,325,150,2
2026-07-30,S01,P331,245,0,23,222,112,2
2026-07-30,S01,P442,680,0,79,601,225,2
2026-07-30,S01,P443,421,0,105,316,300,1
2026-07-30,S01,P501,70,0,8,62,37,3
2026-07-30,S01,P502,173,0,22,151,75,3
2026-07-30,S01,P601,57,0,21,36,56,4
2026-07-30,S01,P701,106,0,18,88,45,2
2026-07-30,S01,P702,88,224,49,263,93,3
2026-07-30,S02,P101,859,0,158,701,427,2
2026-07-30,S02,P102,91,336,44,383,128,3
2026-07-30,S02,P201,641,0,120,521,213,2
2026-07-30,S02,P205,517,0,59,458,171,4
2026-07-30,S02,P330,805,0,107,698,342,3
2026-07-30,S02,P331,672,0,81,591,256,2
2026-07-30,S02,P442,560,0,176,384,513,1
2026-07-30,S02,P443,795,0,203,592,684,3
2026-07-30,S02,P501,142,0,26,116,85,2
2026-07-30,S02,P502,396,0,61,335,171,1
2026-07-30,S02,P601,124,303,39,388,128,2
2026-07-30,S02,P701,112,0,39,73,102,4
2026-07-30,S02,P702,372,0,67,305,213,3
2026-07-30,S03,P101,153,0,45,108,108,4
2026-07-30,S03,P102,73,0,14,59,32,2
2026-07-30,S03,P201,106,0,21,85,54,2
2026-07-30,S03,P205,44,0,10,34,43,2
2026-07-30,S03,P330,195,0,28,167,86,3
2026-07-30,S03,P331,83,0,23,60,64,4
2026-07-30,S03,P442,151,0,40,111,129,1
2026-07-30,S03,P443,240,0,53,187,172,1
2026-07-30,S03,P501,42,0,5,37,21,4
2026-07-30,S03,P502,42,102,12,132,43,4
2026-07-30,S03,P601,53,0,15,38,32,3
2026-07-30,S03,P701,79,0,9,70,25,4
2026-07-30,S03,P702,50,130,18,162,54,1
2026-07-30,S04,P101,134,406,54,486,162,2
2026-07-30,S04,P102,56,0,20,36,48,4
2026-07-30,S04,P201,193,0,21,172,81,2
2026-07-30,S04,P205,147,0,15,132,64,3
2026-07-30,S04,P330,283,0,41,242,129,3
2026-07-30,S04,P331,129,0,27,102,97,3
2026-07-30,S04,P442,593,0,63,530,194,1
2026-07-30,S04,P443,204,660,109,755,259,4
2026-07-30,S04,P501,77,0,7,70,32,3
2026-07-30,S04,P502,100,0,18,82,64,3
2026-07-30,S04,P601,52,0,18,34,48,1
2026-07-30,S04,P701,82,0,8,74,38,3
2026-07-30,S04,P702,174,0,19,155,81,4
2026-07-31,S01,P101,297,0,82,215,187,4
2026-07-31,S01,P102,137,0,13,124,56,3
2026-07-31,S01,P201,159,0,31,128,93,3
2026-07-31,S01,P205,169,0,23,146,75,2
2026-07-31,S01,P330,325,0,52,273,150,1
2026-07-31,S01,P331,222,0,35,187,112,3
2026-07-31,S01,P442,601,0,67,534,225,4
2026-07-31,S01,P443,316,0,95,221,300,4
2026-07-31,S01,P501,62,0,13,49,37,3
2026-07-31,S01,P502,151,0,27,124,75,3
2026-07-31,S01,P601,36,151,22,165,56,2
2026-07-31,S01,P701,88,0,22,66,45,1
2026-07-31,S01,P702,263,0,28,235,93,3
2026-07-31,S02,P101,701,0,209,492,427,4
2026-07-31,S02,P102,383,0,36,347,128,3
2026-07-31,S02,P201,521,0,101,420,213,2
2026-07-31,S02,P205,458,0,57,401,171,1
2026-07-31,S02,P330,698,0,164,534,342,4
2026-07-31,S02,P331,591,0,73,518,256,3
2026-07-31,S02,P442,384,1326,152,1558,513,3
2026-07-31,S02,P443,592,1688,222,2058,684,3
2026-07-31,S02,P501,116,0,25,91,85,4
2026-07-31,S02,P502,335,0,87,248,171,2
2026-07-31,S02,P601,388,0,49,339,128,2
2026-07-31,S02,P701,73,269,34,308,102,4
2026-07-31,S02,P702,305,0,79,226,213,3
2026-07-31,S03,P101,108,252,45,315,108,4
2026-07-31,S03,P102,59,0,13,46,32,1
2026-07-31,S03,P201,85,0,16,69,54,1
2026-07-31,S03,P205,34,110,16,128,43,3
2026-07-31,S03,P330,167,0,28,139,86,1
2026-07-31,S03,P331,60,155,19,196,64,1
2026-07-31,S03,P442,111,320,41,390,129,1
2026-07-31,S03,P443,187,0,63,124,172,1
2026-07-31,S03,P501,37,0,7,30,21,4
2026-07-31,S03,P502,132,0,15,117,43,2
2026-07-31,S03,P601,38,0,12,26,32,3
2026-07-31,S03,P701,70,0,6,64,25,4
2026-07-31,S03,P702,162,0,20,142,54,4
2026-07-31,S04,P101,486,0,69,417,162,1
2026-07-31,S04,P102,36,126,13,149,48,2
2026-07-31,S04,P201,172,0,30,142,81,4
2026-07-31,S04,P205,132,0,24,108,64,4
2026-07-31,S04,P330,242,0,35,207,129,4
2026-07-31,S04,P331,102,0,40,62,97,4
2026-07-31,S04,P442,530,0,72,458,194,1
2026-07-31,S04,P443,755,0,99,656,259,4
2026-07-31,S04,P501,70,0,6,64,32,4
2026-07-31,S04,P502,82,0,25,57,64,2
2026-07-31,S04,P601,34,128,14,148,48,1
2026-07-31,S04,P701,74,0,21,53,38,2
2026-07-31,S04,P702,155,0,19,136,81,1
2026-08-01,S01,P101,215,0,77,138,187,3
2026-08-01,S01,P102,124,0,23,101,56,4
2026-08-01,S01,P201,128,0,37,91,93,1
2026-08-01,S01,P205,146,0,42,104,75,4
2026-08-01,S01,P330,273,0,71,202,150,4
2026-08-01,S01,P331,187,0,57,130,112,3
2026-08-01,S01,P442,534,0,101,433,225,3
2026-08-01,S01,P443,221,779,123,877,300,1
2026-08-01,S01,P501,49,0,26,23,37,2
2026-08-01,S01,P502,124,0,26,98,75,3
2026-08-01,S01,P601,165,0,22,143,56,2
2026-08-01,S01,P701,66,0,25,41,45,1
2026-08-01,S01,P702,235,0,44,191,93,4
2026-08-01,S02,P101,492,0,173,319,427,4
2026-08-01,S02,P102,347,0,92,255,128,3
2026-08-01,S02,P201,420,0,109,311,213,2
2026-08-01,S02,P205,401,0,74,327,171,1
2026-08-01,S02,P330,534,0,155,379,342,4
2026-08-01,S02,P331,518,0,123,395,256,4
2026-08-01,S02,P442,1558,0,221,1337,513,1
2026-08-01,S02,P443,2058,0,291,1767,684,2
2026-08-01,S02,P501,91,0,34,57,85,4
2026-08-01,S02,P502,248,0,63,185,171,2
2026-08-01,S02,P601,339,0,50,289,128,4
2026-08-01,S02,P701,308,0,35,273,102,3
2026-08-01,S02,P702,226,0,96,130,213,2
2026-08-01,S03,P101,315,0,74,241,108,4
2026-08-01,S03,P102,46,0,18,28,32,3
2026-08-01,S03,P201,69,0,20,49,54,4
2026-08-01,S03,P205,128,0,20,108,43,3
2026-08-01,S03,P330,139,0,36,103,86,3
2026-08-01,S03,P331,196,0,34,162,64,1
2026-08-01,S03,P442,390,0,60,330,129,3
2026-08-01,S03,P443,124,452,101,475,172,1
2026-08-01,S03,P501,30,0,10,20,21,1
2026-08-01,S03,P502,117,0,15,102,43,3
2026-08-01,S03,P601,26,81,18,89,32,1
2026-08-01,S03,P701,64,0,18,46,25,3
2026-08-01,S03,P702,142,0,39,103,54,2
2026-08-01,S04,P101,417,0,75,342,162,2
2026-08-01,S04,P102,149,0,25,124,48,4
2026-08-01,S04,P201,142,0,31,111,81,4
2026-08-01,S04,P205,108,0,41,67,64,1
2026-08-01,S04,P330,207,0,36,171,129,2
2026-08-01,S04,P331,62,262,47,277,97,2
2026-08-01,S04,P442,458,0,80,378,194,1
2026-08-01,S04,P443,656,0,113,543,259,3
2026-08-01,S04,P501,64,0,20,44,32,1
2026-08-01,S04,P502,57,159,18,198,64,3
2026-08-01,S04,P601,148,0,25,123,48,2
2026-08-01,S04,P701,53,0,14,39,38,1
2026-08-01,S04,P702,136,0,37,99,81,3
2026-08-02,S01,P101,138,487,103,522,187,3
2026-08-02,S01,P102,101,0,39,62,56,3
2026-08-02,S01,P201,91,221,39,273,93,2
2026-08-02,S01,P205,104,0,45,59,75,1
2026-08-02,S01,P330,202,0,61,141,150,4
2026-08-02,S01,P331,130,0,40,90,112,3
2026-08-02,S01,P442,433,0,96,337,225,3
2026-08-02,S01,P443,877,0,118,759,300,1
2026-08-02,S01,P501,23,102,12,113,37,4
2026-08-02,S01,P502,98,0,29,69,75,4
2026-08-02,S01,P601,143,0,23,120,56,1
2026-08-02,S01,P701,41,109,22,128,45,4
2026-08-02,S01,P702,191,0,51,140,93,3
2026-08-02,S02,P101,319,1106,192,1233,427,1
2026-08-02,S02,P102,255,0,86,169,128,3
2026-08-02,S02,P201,311,0,77,234,213,2
2026-08-02,S02,P205,327,0,77,250,171,4
2026-08-02,S02,P330,379,0,149,230,342,2
2026-08-02,S02,P331,395,0,113,282,256,4
2026-08-02,S02,P442,1337,0,224,1113,513,3
2026-08-02,S02,P443,1767,0,300,1467,684,1
2026-08-02,S02,P501,57,228,49,236,85,2
2026-08-02,S02,P502,185,0,79,106,171,3
2026-08-02,S02,P601,289,0,59,230,128,2
2026-08-02,S02,P701,273,0,36,237,102,4
2026-08-02,S02,P702,130,582,94,618,213,1
2026-08-02,S03,P101,241,0,46,195,108,3
2026-08-02,S03,P102,28,79,16,91,32,1
2026-08-02,S03,P201,49,131,26,154,54,1
2026-08-02,S03,P205,108,0,32,76,43,2
2026-08-02,S03,P330,103,0,33,70,86,3
2026-08-02,S03,P331,162,0,28,134,64,4
2026-08-02,S03,P442,330,0,57,273,129,3
2026-08-02,S03,P443,475,0,106,369,172,3
2026-08-02,S03,P501,20,52,10,62,21,3
2026-08-02,S03,P502,102,0,15,87,43,3
2026-08-02,S03,P601,89,0,11,78,32,2
2026-08-02,S03,P701,46,0,15,31,25,2
2026-08-02,S03,P702,103,0,24,79,54,2
2026-08-02,S04,P101,342,0,119,223,162,2
2026-08-02,S04,P102,124,0,11,113,48,4
2026-08-02,S04,P201,111,0,35,76,81,3
2026-08-02,S04,P205,67,0,36,31,64,2
2026-08-02,S04,P330,171,0,50,121,129,2
2026-08-02,S04,P331,277,0,44,233,97,4
2026-08-02,S04,P442,378,0,97,281,194,1
2026-08-02,S04,P443,543,0,105,438,259,4
2026-08-02,S04,P501,44,0,6,38,32,4
2026-08-02,S04,P502,198,0,22,176,64,3
2026-08-02,S04,P601,123,0,23,100,48,4
2026-08-02,S04,P701,39,0,22,17,38,2
2026-08-02,S04,P702,99,0,41,58,81,2
2026-08-03,S01,P101,522,0,62,460,187,3
2026-08-03,S01,P102,62,0,22,40,56,4
2026-08-03,S01,P201,273,0,34,239,93,4
2026-08-03,S01,P205,59,191,28,222,75,1
2026-08-03,S01,P330,141,359,51,449,150,4
2026-08-03,S01,P331,90,285,29,346,112,2
2026-08-03,S01,P442,337,0,59,278,225,3
2026-08-03,S01,P443,759,0,100,659,300,2
2026-08-03,S01,P501,113,0,9,104,37,4
2026-08-03,S01,P502,69,181,23,227,75,3
2026-08-03,S01,P601,120,0,19,101,56,4
2026-08-03,S01,P701,128,0,17,111,45,3
2026-08-03,S01,P702,140,0,34,106,93,3
2026-08-03,S02,P101,1233,0,204,1029,427,3
2026-08-03,S02,P102,169,0,44,125,128,2
2026-08-03,S02,P201,234,0,63,171,213,3
2026-08-03,S02,P205,250,0,50,200,171,2
2026-08-03,S02,P330,230,910,113,1027,342,2
2026-08-03,S02,P331,282,0,83,199,256,3
2026-08-03,S02,P442,1113,0,156,957,513,1
2026-08-03,S02,P443,1467,0,217,1250,684,3
2026-08-03,S02,P501,236,0,18,218,85,3
2026-08-03,S02,P502,106,464,52,518,171,1
2026-08-03,S02,P601,230,0,39,191,128,2
2026-08-03,S02,P701,237,0,32,205,102,2
2026-08-03,S02,P702,618,0,115,503,213,1
2026-08-03,S03,P101,195,0,36,159,108,2
2026-08-03,S03,P102,91,0,10,81,32,2
2026-08-03,S03,P201,154,0,20,134,54,2
2026-08-03,S03,P205,76,0,21,55,43,4
2026-08-03,S03,P330,70,218,22,266,86,4
2026-08-03,S03,P331,134,0,29,105,64,2
2026-08-03,S03,P442,273,0,41,232,129,1
2026-08-03,S03,P443,369,0,55,314,172,1
2026-08-03,S03,P501,62,0,12,50,21,3
2026-08-03,S03,P502,87,0,11,76,43,3
2026-08-03,S03,P601,78,0,10,68,32,3
2026-08-03,S03,P701,31,0,10,21,25,4
2026-08-03,S03,P702,79,0,22,57,54,1
2026-08-03,S04,P101,223,0,69,154,162,3
2026-08-03,S04,P102,113,0,18,95,48,2
2026-08-03,S04,P201,76,194,41,229,81,1
2026-08-03,S04,P205,31,185,34,182,64,3
2026-08-03,S04,P330,121,311,52,380,129,1
2026-08-03,S04,P331,233,0,33,200,97,4
2026-08-03,S04,P442,281,0,57,224,194,1
2026-08-03,S04,P443,438,0,120,318,259,3
2026-08-03,S04,P501,38,0,9,29,32,3
2026-08-03,S04,P502,176,0,23,153,64,3
2026-08-03,S04,P601,100,0,15,85,48,4
2026-08-03,S04,P701,17,112,10,119,38,2
2026-08-03,S04,P702,58,212,29,241,81,3
2026-08-04,S01,P101,460,0,52,408,187,4
2026-08-04,S01,P102,40,147,24,163,56,4
2026-08-04,S01,P201,239,0,35,204,93,4
2026-08-04,S01,P205,222,0,35,187,75,4
2026-08-04,S01,P330,449,0,58,391,150,4
2026-08-04,S01,P331,346,0,37,309,112,4
2026-08-04,S01,P442,278,0,85,193,225,1
2026-08-04,S01,P443,659,0,96,563,300,1
2026-08-04,S01,P501,104,0,14,90,37,4
2026-08-04,S01,P502,227,0,20,207,75,1
2026-08-04,S01,P601,101,0,23,78,56,1
2026-08-04,S01,P701,111,0,15,96,45,4
2026-08-04,S01,P702,106,0,31,75,93,3
2026-08-04,S02,P101,1029,0,137,892,427,2
2026-08-04,S02,P102,125,302,43,384,128,1
2026-08-04,S02,P201,171,541,66,646,213,1
2026-08-04,S02,P205,200,0,72,128,171,4
2026-08-04,S02,P330,1027,0,117,910,342,4
2026-08-04,S02,P331,199,656,62,793,256,1
2026-08-04,S02,P442,957,0,142,815,513,3
2026-08-04,S02,P443,1250,0,258,992,684,2
2026-08-04,S02,P501,218,0,25,193,85,2
2026-08-04,S02,P502,518,0,44,474,171,1
2026-08-04,S02,P601,191,0,53,138,128,4
2026-08-04,S02,P701,205,0,38,167,102,3
2026-08-04,S02,P702,503,0,73,430,213,4
2026-08-04,S03,P101,159,0,34,125,108,3
2026-08-04,S03,P102,81,0,15,66,32,4
2026-08-04,S03,P201,134,0,13,121,54,2
2026-08-04,S03,P205,55,0,14,41,43,4
2026-08-04,S03,P330,266,0,33,233,86,4
2026-08-04,S03,P331,105,0,22,83,64,1
2026-08-04,S03,P442,232,0,47,185,129,3
2026-08-04,S03,P443,314,0,62,252,172,4
2026-08-04,S03,P501,50,0,5,45,21,2
2026-08-04,S03,P502,76,0,21,55,43,3
2026-08-04,S03,P601,68,0,12,56,32,3
2026-08-04,S03,P701,21,65,5,81,25,2
2026-08-04,S03,P702,57,0,10,47,54,1
2026-08-04,S04,P101,154,386,61,479,162,4
2026-08-04,S04,P102,95,0,19,76,48,3
2026-08-04,S04,P201,229,0,19,210,81,4
2026-08-04,S04,P205,182,0,31,151,64,4
2026-08-04,S04,P330,380,0,46,334,129,2
2026-08-04,S04,P331,200,0,38,162,97,4
2026-08-04,S04,P442,224,0,65,159,194,3
2026-08-04,S04,P443,318,0,92,226,259,2
2026-08-04,S04,P501,29,79,13,95,32,1
2026-08-04,S04,P502,153,0,24,129,64,1
2026-08-04,S04,P601,85,0,15,70,48,3
2026-08-04,S04,P701,119,0,10,109,38,2
2026-08-04,S04,P702,241,0,33,208,81,1
2026-08-05,S01,P101,408,0,63,345,187,1
2026-08-05,S01,P102,163,0,17,146,56,2
2026-08-05,S01,P201,204,0,40,164,93,3
2026-08-05,S01,P205,187,0,29,158,75,1
2026-08-05,S01,P330,391,0,51,340,150,3
2026-08-05,S01,P331,309,0,38,271,112,2
2026-08-05,S01,P442,193,557,93,657,225,3
2026-08-05,S01,P443,563,0,103,460,300,2
2026-08-05,S01,P501,90,0,13,77,37,3
2026-08-05,S01,P502,207,0,20,187,75,4
2026-08-05,S01,P601,78,0,24,54,56,3
2026-08-05,S01,P701,96,0,26,70,45,3
2026-08-05,S01,P702,75,237,33,279,93,2
2026-08-05,S02,P101,892,0,157,735,427,2
2026-08-05,S02,P102,384,0,59,325,128,3
2026-08-05,S02,P201,646,0,77,569,213,2
2026-08-05,S02,P205,128,442,63,507,171,4
2026-08-05,S02,P330,910,0,121,789,342,1
2026-08-05,S02,P331,793,0,83,710,256,2
2026-08-05,S02,P442,815,0,169,646,513,3
2026-08-05,S02,P443,992,0,213,779,684,4
2026-08-05,S02,P501,193,0,34,159,85,4
2026-08-05,S02,P502,474,0,53,421,171,1
2026-08-05,S02,P601,138,0,49,89,128,1
2026-08-05,S02,P701,167,0,22,145,102,4
2026-08-05,S02,P702,430,0,71,359,213,1
2026-08-05,S03,P101,125,0,57,68,108,1
2026-08-05,S03,P102,66,0,11,55,32,4
2026-08-05,S03,P201,121,0,26,95,54,4
2026-08-05,S03,P205,41,103,13,131,43,3
2026-08-05,S03,P330,233,0,32,201,86,4
2026-08-05,S03,P331,83,0,18,65,64,2
2026-08-05,S03,P442,185,0,41,144,129,2
2026-08-05,S03,P443,252,0,78,174,172,3
2026-08-05,S03,P501,45,0,12,33,21,3
2026-08-05,S03,P502,55,0,10,45,43,2
2026-08-05,S03,P601,56,0,8,48,32,3
2026-08-05,S03,P701,81,0,9,72,25,4
2026-08-05,S03,P702,47,133,11,169,54,3
2026-08-05,S04,P101,479,0,45,434,162,2
2026-08-05,S04,P102,76,0,16,60,48,1
2026-08-05,S04,P201,210,0,20,190,81,3
2026-08-05,S04,P205,151,0,21,130,64,4
2026-08-05,S04,P330,334,0,39,295,129,1
2026-08-05,S04,P331,162,0,38,124,97,1
2026-08-05,S04,P442,159,489,65,583,194,3
2026-08-05,S04,P443,226,638,79,785,259,4
2026-08-05,S04,P501,95,0,14,81,32,2
2026-08-05,S04,P502,129,0,16,113,64,1
2026-08-05,S04,P601,70,0,26,44,48,3
2026-08-05,S04,P701,109,0,15,94,38,4
2026-08-05,S04,P702,208,0,29,179,81,4
2026-08-06,S01,P101,345,0,80,265,187,2
2026-08-06,S01,P102,146,0,13,133,56,2
2026-08-06,S01,P201,164,0,32,132,93,1
2026-08-06,S01,P205,158,0,39,119,75,4
2026-08-06,S01,P330,340,0,53,287,150,3
2026-08-06,S01,P331,271,0,25,246,112,3
2026-08-06,S01,P442,657,0,83,574,225,3
2026-08-06,S01,P443,460,0,112,348,300,4
2026-08-06,S01,P501,77,0,11,66,37,1
2026-08-06,S01,P502,187,0,27,160,75,4
2026-08-06,S01,P601,54,133,26,161,56,3
2026-08-06,S01,P701,70,0,11,59,45,4
2026-08-06,S01,P702,279,0,21,258,93,2
2026-08-06,S02,P101,735,0,130,605,427,1
2026-08-06,S02,P102,325,0,48,277,128,2
2026-08-06,S02,P201,569,0,109,460,213,2
2026-08-06,S02,P205,507,0,68,439,171,4
2026-08-06,S02,P330,789,0,114,675,342,2
2026-08-06,S02,P331,710,0,126,584,256,1
2026-08-06,S02,P442,646,0,183,463,513,4
2026-08-06,S02,P443,779,0,320,459,684,2
2026-08-06,S02,P501,159,0,20,139,85,1
2026-08-06,S02,P502,421,0,52,369,171,2
2026-08-06,S02,P601,89,338,38,389,128,3
2026-08-06,S02,P701,145,0,66,79,102,1
2026-08-06,S02,P702,359,0,107,252,213,4
2026-08-06,S03,P101,68,292,39,321,108,1
2026-08-06,S03,P102,55,0,9,46,32,3
2026-08-06,S03,P201,95,0,29,66,54,4
2026-08-06,S03,P205,131,0,14,117,43,3
2026-08-06,S03,P330,201,0,30,171,86,4
2026-08-06,S03,P331,65,0,20,45,64,2
2026-08-06,S03,P442,144,0,46,98,129,2
2026-08-06,S03,P443,174,0,56,118,172,3
2026-08-06,S03,P501,33,0,6,27,21,2
2026-08-06,S03,P502,45,0,14,31,43,1
2026-08-06,S03,P601,48,0,11,37,32,2
2026-08-06,S03,P701,72,0,10,62,25,2
2026-08-06,S03,P702,169,0,20,149,54,3
2026-08-06,S04,P101,434,0,44,390,162,2
2026-08-06,S04,P102,60,0,17,43,48,3
2026-08-06,S04,P201,190,0,31,159,81,1
2026-08-06,S04,P205,130,0,17,113,64,3
2026-08-06,S04,P330,295,0,37,258,129,4
2026-08-06,S04,P331,124,0,28,96,97,2
2026-08-06,S04,P442,583,0,100,483,194,1
2026-08-06,S04,P443,785,0,89,696,259,4
2026-08-06,S04,P501,81,0,12,69,32,1
2026-08-06,S04,P502,113,0,21,92,64,3
2026-08-06,S04,P601,44,118,18,144,48,1
2026-08-06,S04,P701,94,0,10,84,38,4
2026-08-06,S04,P702,179,0,42,137,81,2
2026-08-07,S01,P101,265,0,65,200,187,3
2026-08-07,S01,P102,133,0,15,118,56,3
2026-08-07,S01,P201,132,0,33,99,93,3
2026-08-07,S01,P205,119,0,34,85,75,1
2026-08-07,S01,P330,287,0,48,239,150,1
2026-08-07,S01,P331,246,0,38,208,112,2
2026-08-07,S01,P442,574,0,82,492,225,1
2026-08-07,S01,P443,348,0,98,250,300,1
2026-08-07,S01,P501,66,0,12,54,37,1
2026-08-07,S01,P502,160,0,28,132,75,2
2026-08-07,S01,P601,161,0,20,141,56,4
2026-08-07,S01,P701,59,0,16,43,45,3
2026-08-07,S01,P702,258,0,45,213,93,1
2026-08-07,S02,P101,605,0,161,444,427,1
2026-08-07,S02,P102,277,0,44,233,128,4
2026-08-07,S02,P201,460,0,100,360,213,1
2026-08-07,S02,P205,439,0,65,374,171,2
2026-08-07,S02,P330,675,0,119,556,342,3
2026-08-07,S02,P331,584,0,79,505,256,1
2026-08-07,S02,P442,463,1247,170,1540,513,2
2026-08-07,S02,P443,459,1821,237,2043,684,4
2026-08-07,S02,P501,139,0,19,120,85,1
2026-08-07,S02,P502,369,0,51,318,171,2
2026-08-07,S02,P601,389,0,41,348,128,2
2026-08-07,S02,P701,79,263,43,299,102,3
2026-08-07,S02,P702,252,0,78,174,213,2
2026-08-07,S03,P101,321,0,43,278,108,2
2026-08-07,S03,P102,46,0,7,39,32,2
2026-08-07,S03,P201,66,0,30,36,54,3
2026-08-07,S03,P205,117,0,16,101,43,4
2026-08-07,S03,P330,171,0,33,138,86,1
2026-08-07,S03,P331,45,170,19,196,64,1
2026-08-07,S03,P442,98,333,49,382,129,3
2026-08-07,S03,P443,118,458,56,520,172,3
2026-08-07,S03,P501,27,0,10,17,21,1
2026-08-07,S03,P502,31,113,12,132,43,2
2026-08-07,S03,P601,37,0,4,33,32,1
2026-08-07,S03,P701,62,0,10,52,25,4
2026-08-07,S03,P702,149,0,19,130,54,4
2026-08-07,S04,P101,390,0,46,344,162,1
2026-08-07,S04,P102,43,119,19,143,48,2
2026-08-07,S04,P201,159,0,26,133,81,1
2026-08-07,S04,P205,113,0,22,91,64,4
2026-08-07,S04,P330,258,0,39,219,129,4
2026-08-07,S04,P331,96,228,38,286,97,2
2026-08-07,S04,P442,483,0,61,422,194,3
2026-08-07,S04,P443,696,0,97,599,259,1
2026-08-07,S04,P501,69,0,9,60,32,1
2026-08-07,S04,P502,92,0,28,64,64,3
2026-08-07,S04,P601,144,0,32,112,48,2
2026-08-07,S04,P701,84,0,18,66,38,2
2026-08-07,S04,P702,137,0,28,109,81,4
2026-08-08,S01,P101,200,0,88,112,187,4
2026-08-08,S01,P102,118,0,23,95,56,2
2026-08-08,S01,P201,99,0,31,68,93,1
2026-08-08,S01,P205,85,0,27,58,75,3
2026-08-08,S01,P330,239,0,73,166,150,4
2026-08-08,S01,P331,208,0,59,149,112,3
2026-08-08,S01,P442,492,0,95,397,225,1
2026-08-08,S01,P443,250,750,118,882,300,3
2026-08-08,S01,P501,54,0,13,41,37,1
2026-08-08,S01,P502,132,0,34,98,75,4
2026-08-08,S01,P601,141,0,27,114,56,4
2026-08-08,S01,P701,43,107,28,122,45,2
2026-08-08,S01,P702,213,0,47,166,93,2
2026-08-08,S02,P101,444,0,198,246,427,1
2026-08-08,S02,P102,233,0,54,179,128,1
2026-08-08,S02,P201,360,0,109,251,213,2
2026-08-08,S02,P205,374,0,70,304,171,1
2026-08-08,S02,P330,556,0,157,399,342,2
2026-08-08,S02,P331,505,0,147,358,256,3
2026-08-08,S02,P442,1540,0,207,1333,513,4
2026-08-08,S02,P443,2043,0,296,1747,684,1
2026-08-08,S02,P501,120,0,39,81,85,1
2026-08-08,S02,P502,318,0,82,236,171,1
2026-08-08,S02,P601,348,0,63,285,128,4
2026-08-08,S02,P701,299,0,44,255,102,1
2026-08-08,S02,P702,174,538,101,611,213,3
2026-08-08,S03,P101,278,0,61,217,108,3
2026-08-08,S03,P102,39,0,13,26,32,2
2026-08-08,S03,P201,36,144,26,154,54,2
2026-08-08,S03,P205,101,0,16,85,43,4
2026-08-08,S03,P330,138,0,32,106,86,3
2026-08-08,S03,P331,196,0,33,163,64,1
2026-08-08,S03,P442,382,0,52,330,129,3
2026-08-08,S03,P443,520,0,82,438,172,4
2026-08-08,S03,P501,17,55,10,62,21,4
2026-08-08,S03,P502,132,0,17,115,43,2
2026-08-08,S03,P601,33,0,12,21,32,2
2026-08-08,S03,P701,52,0,9,43,25,3
2026-08-08,S03,P702,130,0,28,102,54,1
2026-08-08,S04,P101,344,0,64,280,162,3
2026-08-08,S04,P102,143,0,28,115,48,3
2026-08-08,S04,P201,133,0,42,91,81,1
2026-08-08,S04,P205,91,0,31,60,64,3
2026-08-08,S04,P330,219,0,49,170,129,1
2026-08-08,S04,P331,286,0,35,251,97,2
2026-08-08,S04,P442,422,0,100,322,194,4
2026-08-08,S04,P443,599,0,116,483,259,3
2026-08-08,S04,P501,60,0,21,39,32,3
2026-08-08,S04,P502,64,152,29,187,64,1
2026-08-08,S04,P601,112,0,16,96,48,3
2026-08-08,S04,P701,66,0,26,40,38,4
2026-08-08,S04,P702,109,0,51,58,81,2
2026-08-09,S01,P101,112,513,78,547,187,2
2026-08-09,S01,P102,95,0,23,72,56,1
2026-08-09,S01,P201,68,244,43,269,93,2
2026-08-09,S01,P205,58,192,29,221,75,2
2026-08-09,S01,P330,166,0,65,101,150,4
2026-08-09,S01,P331,149,0,40,109,112,2
2026-08-09,S01,P442,397,0,88,309,225,2
2026-08-09,S01,P443,882,0,119,763,300,1
2026-08-09,S01,P501,41,0,10,31,37,1
2026-08-09,S01,P502,98,0,27,71,75,4
2026-08-09,S01,P601,114,0,53,61,56,2
2026-08-09,S01,P701,122,0,24,98,45,3
2026-08-09,S01,P702,166,0,37,129,93,2
2026-08-09,S02,P101,246,1179,190,1235,427,3
2026-08-09,S02,P102,179,0,49,130,128,1
2026-08-09,S02,P201,251,0,99,152,213,2
2026-08-09,S02,P205,304,0,70,234,171,2
2026-08-09,S02,P330,399,0,118,281,342,2
2026-08-09,S02,P331,358,0,127,231,256,2
2026-08-09,S02,P442,1333,0,222,1111,513,2
2026-08-09,S02,P443,1747,0,271,1476,684,1
2026-08-09,S02,P501,81,204,43,242,85,2
2026-08-09,S02,P502,236,0,71,165,171,4
2026-08-09,S02,P601,285,0,51,234,128,4
2026-08-09,S02,P701,255,0,57,198,102,1
2026-08-09,S02,P702,611,0,100,511,213,3
2026-08-09,S03,P101,217,0,48,169,108,4
2026-08-09,S03,P102,26,81,8,99,32,3
2026-08-09,S03,P201,154,0,29,125,54,4
2026-08-09,S03,P205,85,0,20,65,43,2
2026-08-09,S03,P330,106,0,36,70,86,3
2026-08-09,S03,P331,163,0,24,139,64,3
2026-08-09,S03,P442,330,0,54,276,129,3
2026-08-09,S03,P443,438,0,82,356,172,2
2026-08-09,S03,P501,62,0,12,50,21,2
2026-08-09,S03,P502,115,0,24,91,43,1
2026-08-09,S03,P601,21,86,12,95,32,3
2026-08-09,S03,P701,43,0,10,33,25,3
2026-08-09,S03,P702,102,0,34,68,54,2
2026-08-09,S04,P101,280,0,63,217,162,3
2026-08-09,S04,P102,115,0,21,94,48,4
2026-08-09,S04,P201,91,0,35,56,81,1
2026-08-09,S04,P205,60,156,44,172,64,4
2026-08-09,S04,P330,170,0,84,86,129,1
2026-08-09,S04,P331,251,0,56,195,97,3
2026-08-09,S04,P442,322,0,86,236,194,1
2026-08-09,S04,P443,483,0,102,381,259,2
2026-08-09,S04,P501,39,0,12,27,32,3
2026-08-09,S04,P502,187,0,29,158,64,2
2026-08-09,S04,P601,96,0,18,78,48,4
2026-08-09,S04,P701,40,0,25,15,38,2
2026-08-09,S04,P702,58,212,38,232,81,2
2026-08-10,S01,P101,547,0,60,487,187,1
2026-08-10,S01,P102,72,0,34,38,56,1
2026-08-10,S01,P201,269,0,39,230,93,2
2026-08-10,S01,P205,221,0,33,188,75,3
2026-08-10,S01,P330,101,399,55,445,150,4
2026-08-10,S01,P331,109,266,47,328,112,3
2026-08-10,S01,P442,309,0,81,228,225,4
2026-08-10,S01,P443,763,0,111,652,300,3
2026-08-10,S01,P501,31,94,10,115,37,2
2026-08-10,S01,P502,71,179,23,227,75,2
2026-08-10,S01,P601,61,0,24,37,56,2
2026-08-10,S01,P701,98,0,15,83,45,3
2026-08-10,S01,P702,129,0,30,99,93,3
2026-08-10,S02,P101,1235,0,150,1085,427,4
2026-08-10,S02,P102,130,0,39,91,128,1
2026-08-10,S02,P201,152,560,75,637,213,3
2026-08-10,S02,P205,234,0,43,191,171,4
2026-08-10,S02,P330,281,859,111,1029,342,4
2026-08-10,S02,P331,231,624,156,699,256,3
2026-08-10,S02,P442,1111,0,178,933,513,4
2026-08-10,S02,P443,1476,0,202,1274,684,4
2026-08-10,S02,P501,242,0,37,205,85,1
2026-08-10,S02,P502,165,405,56,514,171,3
2026-08-10,S02,P601,234,0,43,191,128,1
2026-08-10,S02,P701,198,0,58,140,102,3
2026-08-10,S02,P702,511,0,74,437,213,1
2026-08-10,S03,P101,169,0,43,126,108,2
2026-08-10,S03,P102,99,0,14,85,32,2
2026-08-10,S03,P201,125,0,21,104,54,4
2026-08-10,S03,P205,65,0,10,55,43,1
2026-08-10,S03,P330,70,218,36,252,86,2
2026-08-10,S03,P331,139,0,25,114,64,1
2026-08-10,S03,P442,276,0,39,237,129,4
2026-08-10,S03,P443,356,0,52,304,172,4
2026-08-10,S03,P501,50,0,12,38,21,2
2026-08-10,S03,P502,91,0,15,76,43,1
2026-08-10,S03,P601,95,0,8,87,32,3
2026-08-10,S03,P701,33,0,12,21,25,3
2026-08-10,S03,P702,68,0,27,41,54,4
2026-08-10,S04,P101,217,0,58,159,162,1
2026-08-10,S04,P102,94,0,14,80,48,3
2026-08-10,S04,P201,56,214,31,239,81,3
2026-08-10,S04,P205,172,0,15,157,64,3
2026-08-10,S04,P330,86,346,63,369,129,2
2026-08-10,S04,P331,195,0,27,168,97,3
2026-08-10,S04,P442,236,0,59,177,194,1
2026-08-10,S04,P443,381,0,127,254,259,3
2026-08-10,S04,P501,27,81,11,97,32,4
2026-08-10,S04,P502,158,0,21,137,64,1
2026-08-10,S04,P601,78,0,26,52,48,1
2026-08-10,S04,P701,15,114,7,122,38,3
2026-08-10,S04,P702,232,0,32,200,81,2
2026-08-11,S01,P101,487,0,54,433,187,2
2026-08-11,S01,P102,38,149,24,163,56,3
2026-08-11,S01,P201,230,0,27,203,93,1
2026-08-11,S01,P205,188,0,19,169,75,4
2026-08-11,S01,P330,445,0,51,394,150,4
2026-08-11,S01,P331,328,0,53,275,112,3
2026-08-11,S01,P442,228,0,80,148,225,3
2026-08-11,S01,P443,652,0,88,564,300,1
2026-08-11,S01,P501,115,0,11,104,37,1
2026-08-11,S01,P502,227,0,23,204,75,4
2026-08-11,S01,P601,37,150,19,168,56,2
2026-08-11,S01,P701,83,0,23,60,45,2
2026-08-11,S01,P702,99,0,31,68,93,4
2026-08-11,S02,P101,1085,0,152,933,427,2
2026-08-11,S02,P102,91,336,37,390,128,3
2026-08-11,S02,P201,637,0,66,571,213,4
2026-08-11,S02,P205,191,0,48,143,171,1
2026-08-11,S02,P330,1029,0,203,826,342,1
2026-08-11,S02,P331,699,0,88,611,256,3
2026-08-11,S02,P442,933,0,170,763,513,4
2026-08-11,S02,P443,1274,0,236,1038,684,2
2026-08-11,S02,P501,205,0,30,175,85,4
2026-08-11,S02,P502,514,0,78,436,171,3
2026-08-11,S02,P601,191,0,38,153,128,3
2026-08-11,S02,P701,140,0,53,87,102,2
2026-08-11,S02,P702,437,0,80,357,213,1
2026-08-11,S03,P101,126,0,47,79,108,3
2026-08-11,S03,P102,85,0,12,73,32,1
2026-08-11,S03,P201,104,0,27,77,54,3
2026-08-11,S03,P205,55,0,20,35,43,2
2026-08-11,S03,P330,252,0,27,225,86,1
2026-08-11,S03,P331,114,0,19,95,64,3
2026-08-11,S03,P442,237,0,46,191,129,1
2026-08-11,S03,P443,304,0,65,239,172,4
2026-08-11,S03,P501,38,0,6,32,21,1
2026-08-11,S03,P502,76,0,22,54,43,1
2026-08-11,S03,P601,87,0,6,81,32,4
2026-08-11,S03,P701,21,65,7,79,25,1
2026-08-11,S03,P702,41,139,17,163,54,4
2026-08-11,S04,P101,159,381,42,498,162,1
2026-08-11,S04,P102,80,0,12,68,48,3
2026-08-11,S04,P201,239,0,40,199,81,4
2026-08-11,S04,P205,157,0,18,139,64,3
2026-08-11,S04,P330,369,0,48,321,129,3
2026-08-11,S04,P331,168,0,31,137,97,1
2026-08-11,S04,P442,177,471,79,569,194,3
2026-08-11,S04,P443,254,610,90,774,259,2
2026-08-11,S04,P501,97,0,14,83,32,1
2026-08-11,S04,P502,137,0,21,116,64,4
2026-08-11,S04,P601,52,0,16,36,48,2
2026-08-11,S04,P701,122,0,19,103,38,4
2026-08-11,S04,P702,200,0,23,177,81,4
2026-08-12,S01,P101,433,0,63,370,187,1
2026-08-12,S01,P102,163,0,16,147,56,2
2026-08-12,S01,P201,203,0,40,163,93,1
2026-08-12,S01,P205,169,0,20,149,75,4
2026-08-12,S01,P330,394,0,58,336,150,4
2026-08-12,S01,P331,275,0,36,239,112,1
2026-08-12,S01,P442,148,602,74,676,225,1
2026-08-12,S01,P443,564,0,87,477,300,2
2026-08-12,S01,P501,104,0,15,89,37,4
2026-08-12,S01,P502,204,0,25,179,75,3
2026-08-12,S01,P601,168,0,15,153,56,4
2026-08-12,S01,P701,60,0,25,35,45,2
2026-08-12,S01,P702,68,244,27,285,93,4
2026-08-12,S02,P101,933,0,141,792,427,4
2026-08-12,S02,P102,390,0,51,339,128,4
2026-08-12,S02,P201,571,0,74,497,213,1
2026-08-12,S02,P205,143,427,71,499,171,1
2026-08-12,S02,P330,826,0,154,672,342,1
2026-08-12,S02,P331,611,0,86,525,256,3
2026-08-12,S02,P442,763,0,168,595,513,2
2026-08-12,S02,P443,1038,0,233,805,684,4
2026-08-12,S02,P501,175,0,57,118,85,3
2026-08-12,S02,P502,436,0,47,389,171,4
2026-08-12,S02,P601,153,0,45,108,128,2
2026-08-12,S02,P701,87,255,34,308,102,2
2026-08-12,S02,P702,357,0,68,289,213,2
2026-08-12,S03,P101,79,281,47,313,108,3
2026-08-12,S03,P102,73,0,10,63,32,2
2026-08-12,S03,P201,77,0,25,52,54,3
2026-08-12,S03,P205,35,109,14,130,43,2
2026-08-12,S03,P330,225,0,43,182,86,2
2026-08-12,S03,P331,95,0,28,67,64,1
2026-08-12,S03,P442,191,0,44,147,129,3
2026-08-12,S03,P443,239,0,51,188,172,1
2026-08-12,S03,P501,32,0,6,26,21,2
2026-08-12,S03,P502,54,0,9,45,43,4
2026-08-12,S03,P601,81,0,11,70,32,3
2026-08-12,S03,P701,79,0,16,63,25,1
2026-08-12,S03,P702,163,0,14,149,54,1
2026-08-12,S04,P101,498,0,62,436,162,4
2026-08-12,S04,P102,68,0,18,50,48,2
2026-08-12,S04,P201,199,0,22,177,81,2
2026-08-12,S04,P205,139,0,29,110,64,2
2026-08-12,S04,P330,321,0,34,287,129,1
2026-08-12,S04,P331,137,0,31,106,97,3
2026-08-12,S04,P442,569,0,76,493,194,1
2026-08-12,S04,P443,774,0,126,648,259,3
2026-08-12,S04,P501,83,0,13,70,32,3
2026-08-12,S04,P502,116,0,32,84,64,1
2026-08-12,S04,P601,36,126,23,139,48,4
2026-08-12,S04,P701,103,0,17,86,38,4
2026-08-12,S04,P702,177,0,26,151,81,2
2026-08-13,S01,P101,370,0,80,290,187,1
2026-08-13,S01,P102,147,0,13,134,56,4
2026-08-13,S01,P201,163,0,38,125,93,2
2026-08-13,S01,P205,149,0,30,119,75,1
2026-08-13,S01,P330,336,0,52,284,150,4
2026-08-13,S01,P331,239,0,41,198,112,1
2026-08-13,S01,P442,676,0,79,597,225,2
2026-08-13,S01,P443,477,0,91,386,300,4
2026-08-13,S01,P501,89,0,10,79,37,4
2026-08-13,S01,P502,179,0,33,146,75,3
2026-08-13,S01,P601,153,0,18,135,56,2
2026-08-13,S01,P701,35,115,17,133,45,4
2026-08-13,S01,P702,285,0,36,249,93,1
2026-08-13,S02,P101,792,0,139,653,427,4
2026-08-13,S02,P102,339,0,36,303,128,4
2026-08-13,S02,P201,497,0,123,374,213,3
2026-08-13,S02,P205,499,0,58,441,171,1
2026-08-13,S02,P330,672,0,126,546,342,1
2026-08-13,S02,P331,525,0,89,436,256,1
2026-08-13,S02,P442,595,0,152,443,513,4
2026-08-13,S02,P443,805,0,233,572,684,2
2026-08-13,S02,P501,118,0,28,90,85,3
2026-08-13,S02,P502,389,0,61,328,171,1
2026-08-13,S02,P601,108,319,39,388,128,3
2026-08-13,S02,P701,308,0,45,263,102,2
2026-08-13,S02,P702,289,0,70,219,213,4
2026-08-13,S03,P101,313,0,43,270,108,4
2026-08-13,S03,P102,63,0,9,54,32,2
2026-08-13,S03,P201,52,128,17,163,54,1
2026-08-13,S03,P205,130,0,12,118,43,1
2026-08-13,S03,P330,182,0,18,164,86,1
2026-08-13,S03,P331,67,0,32,35,64,4
2026-08-13,S03,P442,147,0,50,97,129,1
2026-08-13,S03,P443,188,0,59,129,172,4
2026-08-13,S03,P501,26,0,6,20,21,2
2026-08-13,S03,P502,45,0,12,33,43,2
2026-08-13,S03,P601,70,0,12,58,32,3
2026-08-13,S03,P701,63,0,7,56,25,3
2026-08-13,S03,P702,149,0,16,133,54,4
2026-08-13,S04,P101,436,0,48,388,162,2
2026-08-13,S04,P102,50,0,14,36,48,4
2026-08-13,S04,P201,177,0,29,148,81,2
2026-08-13,S04,P205,110,0,24,86,64,2
2026-08-13,S04,P330,287,0,55,232,129,2
2026-08-13,S04,P331,106,0,37,69,97,2
2026-08-13,S04,P442,493,0,59,434,194,1
2026-08-13,S04,P443,648,0,88,560,259,2
2026-08-13,S04,P501,70,0,6,64,32,3
2026-08-13,S04,P502,84,0,24,60,64,3
2026-08-13,S04,P601,139,0,16,123,48,3
2026-08-13,S04,P701,86,0,13,73,38,3
2026-08-13,S04,P702,151,0,24,127,81,3
2026-08-14,S01,P101,290,0,61,229,187,1
2026-08-14,S01,P102,134,0,28,106,56,4
2026-08-14,S01,P201,125,0,28,97,93,4
2026-08-14,S01,P205,119,0,25,94,75,2
2026-08-14,S01,P330,284,0,43,241,150,1
2026-08-14,S01,P331,198,0,39,159,112,1
2026-08-14,S01,P442,597,0,75,522,225,4
2026-08-14,S01,P443,386,0,93,293,300,4
2026-08-14,S01,P501,79,0,9,70,37,3
2026-08-14,S01,P502,146,0,25,121,75,2
2026-08-14,S01,P601,135,0,19,116,56,4
2026-08-14,S01,P701,133,0,7,126,45,1
2026-08-14,S01,P702,249,0,32,217,93,3
2026-08-14,S02,P101,653,0,213,440,427,3
2026-08-14,S02,P102,303,0,40,263,128,2
2026-08-14,S02,P201,374,0,66,308,213,3
2026-08-14,S02,P205,441,0,60,381,171,4
2026-08-14,S02,P330,546,0,111,435,342,1
2026-08-14,S02,P331,436,0,75,361,256,4
2026-08-14,S02,P442,443,1267,158,1552,513,4
2026-08-14,S02,P443,572,1708,232,2048,684,4
2026-08-14,S02,P501,90,0,37,53,85,1
2026-08-14,S02,P502,328,0,50,278,171,4
2026-08-14,S02,P601,388,0,40,348,128,4
2026-08-14,S02,P701,263,0,32,231,102,3
2026-08-14,S02,P702,219,0,71,148,213,3
2026-08-14,S03,P101,270,0,36,234,108,2
2026-08-14,S03,P102,54,0,4,50,32,1
2026-08-14,S03,P201,163,0,17,146,54,4
2026-08-14,S03,P205,118,0,14,104,43,4
2026-08-14,S03,P330,164,0,31,133,86,2
2026-08-14,S03,P331,35,180,18,197,64,1
2026-08-14,S03,P442,97,334,33,398,129,1
2026-08-14,S03,P443,129,447,59,517,172,4
2026-08-14,S03,P501,20,52,8,64,21,3
2026-08-14,S03,P502,33,111,11,133,43,4
2026-08-14,S03,P601,58,0,10,48,32,2
2026-08-14,S03,P701,56,0,11,45,25,1
2026-08-14,S03,P702,133,0,28,105,54,3
2026-08-14,S04,P101,388,0,44,344,162,2
2026-08-14,S04,P102,36,126,19,143,48,3
2026-08-14,S04,P201,148,0,26,122,81,1
2026-08-14,S04,P205,86,0,19,67,64,3
2026-08-14,S04,P330,232,0,52,180,129,2
2026-08-14,S04,P331,69,255,26,298,97,1
2026-08-14,S04,P442,434,0,64,370,194,4
2026-08-14,S04,P443,560,0,89,471,259,2
2026-08-14,S04,P501,64,0,8,56,32,2
2026-08-14,S04,P502,60,156,25,191,64,4
2026-08-14,S04,P601,123,0,14,109,48,3
2026-08-14,S04,P701,73,0,5,68,38,2
2026-08-14,S04,P702,127,0,28,99,81,2
2026-08-15,S01,P101,229,0,84,145,187,1
2026-08-15,S01,P102,106,0,21,85,56,2
2026-08-15,S01,P201,97,0,46,51,93,1
2026-08-15,S01,P205,94,0,28,66,75,1
2026-08-15,S01,P330,241,0,88,153,150,3
2026-08-15,S01,P331,159,0,54,105,112,2
2026-08-15,S01,P442,522,0,93,429,225,2
2026-08-15,S01,P443,293,707,147,853,300,3
2026-08-15,S01,P501,70,0,14,56,37,4
2026-08-15,S01,P502,121,0,46,75,75,4
2026-08-15,S01,P601,116,0,29,87,56,3
2026-08-15,S01,P701,126,0,19,107,45,4
2026-08-15,S01,P702,217,0,35,182,93,2
2026-08-15,S02,P101,440,0,265,175,427,4
2026-08-15,S02,P102,263,0,45,218,128,3
2026-08-15,S02,P201,308,0,86,222,213,2
2026-08-15,S02,P205,381,0,62,319,171,4
2026-08-15,S02,P330,435,0,160,275,342,4
2026-08-15,S02,P331,361,0,110,251,256,4
2026-08-15,S02,P442,1552,0,328,1224,513,1
2026-08-15,S02,P443,2048,0,316,1732,684,2
2026-08-15,S02,P501,53,232,36,249,85,1
2026-08-15,S02,P502,278,0,123,155,171,3
2026-08-15,S02,P601,348,0,65,283,128,3
2026-08-15,S02,P701,231,0,61,170,102,1
2026-08-15,S02,P702,148,564,75,637,213,3
2026-08-15,S03,P101,234,0,50,184,108,4
2026-08-15,S03,P102,50,0,20,30,32,3
2026-08-15,S03,P201,146,0,19,127,54,3
2026-08-15,S03,P205,104,0,17,87,43,4
2026-08-15,S03,P330,133,0,35,98,86,1
2026-08-15,S03,P331,197,0,24,173,64,3
2026-08-15,S03,P442,398,0,58,340,129,1
2026-08-15,S03,P443,517,0,69,448,172,1
2026-08-15,S03,P501,64,0,11,53,21,3
2026-08-15,S03,P502,133,0,17,116,43,2
2026-08-15,S03,P601,48,0,11,37,32,3
2026-08-15,S03,P701,45,0,6,39,25,1
2026-08-15,S03,P702,105,0,31,74,54,2
2026-08-15,S04,P101,344,0,68,276,162,3
2026-08-15,S04,P102,143,0,18,125,48,2
2026-08-15,S04,P201,122,0,32,90,81,3
2026-08-15,S04,P205,67,0,28,39,64,1
2026-08-15,S04,P330,180,0,58,122,129,1
2026-08-15,S04,P331,298,0,45,253,97,3
2026-08-15,S04,P442,370,0,84,286,194,4
2026-08-15,S04,P443,471,0,91,380,259,3
2026-08-15,S04,P501,56,0,19,37,32,3
2026-08-15,S04,P502,191,0,31,160,64,1
2026-08-15,S04,P601,109,0,22,87,48,4
2026-08-15,S04,P701,68,0,15,53,38,2
2026-08-15,S04,P702,99,0,39,60,81,4
2026-08-16,S01,P101,145,480,73,552,187,1
2026-08-16,S01,P102,85,0,25,60,56,3
2026-08-16,S01,P201,51,261,34,278,93,3
2026-08-16,S01,P205,66,184,39,211,75,2
2026-08-16,S01,P330,153,0,50,103,150,2
2026-08-16,S01,P331,105,270,44,331,112,2
2026-08-16,S01,P442,429,0,89,340,225,1
2026-08-16,S01,P443,853,0,111,742,300,4
2026-08-16,S01,P501,56,0,23,33,37,4
2026-08-16,S01,P502,75,175,34,216,75,4
2026-08-16,S01,P601,87,0,33,54,56,4
2026-08-16,S01,P701,107,0,23,84,45,4
2026-08-16,S01,P702,182,0,44,138,93,2
2026-08-16,S02,P101,175,1250,288,1137,427,3
2026-08-16,S02,P102,218,0,52,166,128,1
2026-08-16,S02,P201,222,0,92,130,213,1
2026-08-16,S02,P205,319,0,79,240,171,1
2026-08-16,S02,P330,275,865,222,918,342,4
2026-08-16,S02,P331,251,604,126,729,256,4
2026-08-16,S02,P442,1224,0,220,1004,513,3
2026-08-16,S02,P443,1732,0,433,1299,684,4
2026-08-16,S02,P501,249,0,25,224,85,1
2026-08-16,S02,P502,155,415,67,503,171,3
2026-08-16,S02,P601,283,0,48,235,128,4
2026-08-16,S02,P701,170,0,47,123,102,1
2026-08-16,S02,P702,637,0,92,545,213,3
2026-08-16,S03,P101,184,0,44,140,108,1
2026-08-16,S03,P102,30,77,19,88,32,4
2026-08-16,S03,P201,127,0,25,102,54,3
2026-08-16,S03,P205,87,0,17,70,43,3
2026-08-16,S03,P330,98,0,55,43,86,1
2026-08-16,S03,P331,173,0,26,147,64,2
2026-08-16,S03,P442,340,0,67,273,129,3
2026-08-16,S03,P443,448,0,78,370,172,1
2026-08-16,S03,P501,53,0,9,44,21,1
2026-08-16,S03,P502,116,0,18,98,43,1
2026-08-16,S03,P601,37,0,18,19,32,3
2026-08-16,S03,P701,39,0,12,27,25,2
2026-08-16,S03,P702,74,0,17,57,54,2
2026-08-16,S04,P101,276,0,60,216,162,2
2026-08-16,S04,P102,125,0,23,102,48,4
2026-08-16,S04,P201,90,0,33,57,81,1
2026-08-16,S04,P205,39,177,41,175,64,2
2026-08-16,S04,P330,122,310,54,378,129,2
2026-08-16,S04,P331,253,0,42,211,97,4
2026-08-16,S04,P442,286,0,80,206,194,3
2026-08-16,S04,P443,380,0,131,249,259,4
2026-08-16,S04,P501,37,0,18,19,32,1
2026-08-16,S04,P502,160,0,34,126,64,4
2026-08-16,S04,P601,87,0,20,67,48,1
2026-08-16,S04,P701,53,0,20,33,38,3
2026-08-16,S04,P702,60,210,41,229,81,2
2026-08-17,S01,P101,552,0,62,490,187,1
2026-08-17,S01,P102,60,0,24,36,56,3
2026-08-17,S01,P201,278,0,26,252,93,2
2026-08-17,S01,P205,211,0,21,190,75,1
2026-08-17,S01,P330,103,397,53,447,150,2
2026-08-17,S01,P331,331,0,42,289,112,1
2026-08-17,S01,P442,340,0,79,261,225,4
2026-08-17,S01,P443,742,0,87,655,300,1
2026-08-17,S01,P501,33,92,15,110,37,3
2026-08-17,S01,P502,216,0,30,186,75,4
2026-08-17,S01,P601,54,133,17,170,56,1
2026-08-17,S01,P701,84,0,22,62,45,3
2026-08-17,S01,P702,138,0,14,124,93,4
2026-08-17,S02,P101,1137,0,209,928,427,1
2026-08-17,S02,P102,166,0,40,126,128,2
2026-08-17,S02,P201,130,582,71,641,213,2
2026-08-17,S02,P205,240,0,42,198,171,1
2026-08-17,S02,P330,918,0,106,812,342,2
2026-08-17,S02,P331,729,0,95,634,256,3
2026-08-17,S02,P442,1004,0,168,836,513,3
2026-08-17,S02,P443,1299,0,225,1074,684,2
2026-08-17,S02,P501,224,0,27,197,85,1
2026-08-17,S02,P502,503,0,68,435,171,2
2026-08-17,S02,P601,235,0,41,194,128,3
2026-08-17,S02,P701,123,0,38,85,102,4
2026-08-17,S02,P702,545,0,62,483,213,4
2026-08-17,S03,P101,140,0,38,102,108,1
2026-08-17,S03,P102,88,0,8,80,32,3
2026-08-17,S03,P201,102,0,23,79,54,3
2026-08-17,S03,P205,70,0,12,58,43,4
2026-08-17,S03,P330,43,245,29,259,86,1
2026-08-17,S03,P331,147,0,22,125,64,3
2026-08-17,S03,P442,273,0,44,229,129,4
2026-08-17,S03,P443,370,0,56,314,172,3
2026-08-17,S03,P501,44,0,10,34,21,3
2026-08-17,S03,P502,98,0,25,73,43,3
2026-08-17,S03,P601,19,88,13,94,32,3
2026-08-17,S03,P701,27,0,8,19,25,3
2026-08-17,S03,P702,57,0,24,33,54,4
2026-08-17,S04,P101,216,0,64,152,162,2
2026-08-17,S04,P102,102,0,19,83,48,4
2026-08-17,S04,P201,57,213,23,247,81,3
2026-08-17,S04,P205,175,0,21,154,64,3
2026-08-17,S04,P330,378,0,43,335,129,3
2026-08-17,S04,P331,211,0,60,151,97,3
2026-08-17,S04,P442,206,0,60,146,194,2
2026-08-17,S04,P443,249,615,133,731,259,2
2026-08-17,S04,P501,19,89,15,93,32,4
2026-08-17,S04,P502,126,0,13,113,64,2
2026-08-17,S04,P601,67,0,13,54,48,1
2026-08-17,S04,P701,33,96,11,118,38,3
2026-08-17,S04,P702,229,0,28,201,81,1
2026-08-18,S01,P101,490,0,61,429,187,1
2026-08-18,S01,P102,36,151,25,162,56,3
2026-08-18,S01,P201,252,0,38,214,93,3
2026-08-18,S01,P205,190,0,32,158,75,2
2026-08-18,S01,P330,447,0,71,376,150,1
2026-08-18,S01,P331,289,0,41,248,112,2
2026-08-18,S01,P442,261,0,84,177,225,2
2026-08-18,S01,P443,655,0,102,553,300,4
2026-08-18,S01,P501,110,0,19,91,37,1
2026-08-18,S01,P502,186,0,27,159,75,1
2026-08-18,S01,P601,170,0,23,147,56,1
2026-08-18,S01,P701,62,0,17,45,45,4
2026-08-18,S01,P702,124,0,38,86,93,3
2026-08-18,S02,P101,928,0,135,793,427,1
2026-08-18,S02,P102,126,301,38,389,128,1
2026-08-18,S02,P201,641,0,68,573,213,4
2026-08-18,S02,P205,198,0,52,146,171,3
2026-08-18,S02,P330,812,0,113,699,342,1
2026-08-18,S02,P331,634,0,121,513,256,2
2026-08-18,S02,P442,836,0,193,643,513,4
2026-08-18,S02,P443,1074,0,235,839,684,3
2026-08-18,S02,P501,197,0,22,175,85,3
2026-08-18,S02,P502,435,0,61,374,171,1
2026-08-18,S02,P601,194,0,44,150,128,2
2026-08-18,S02,P701,85,257,34,308,102,1
2026-08-18,S02,P702,483,0,80,403,213,2
2026-08-18,S03,P101,102,258,45,315,108,2
2026-08-18,S03,P102,80,0,13,67,32,4
2026-08-18,S03,P201,79,0,22,57,54,2
2026-08-18,S03,P205,58,0,15,43,43,1
2026-08-18,S03,P330,259,0,20,239,86,4
2026-08-18,S03,P331,125,0,26,99,64,2
2026-08-18,S03,P442,229,0,51,178,129,3
2026-08-18,S03,P443,314,0,52,262,172,4
2026-08-18,S03,P501,34,0,8,26,21,3
2026-08-18,S03,P502,73,0,18,55,43,3
2026-08-18,S03,P601,94,0,16,78,32,1
2026-08-18,S03,P701,19,67,9,77,25,2
2026-08-18,S03,P702,33,147,14,166,54,4
2026-08-18,S04,P101,152,388,51,489,162,4
2026-08-18,S04,P102,83,0,14,69,48,1
2026-08-18,S04,P201,247,0,23,224,81,1
2026-08-18,S04,P205,154,0,21,133,64,3
2026-08-18,S04,P330,335,0,41,294,129,2
2026-08-18,S04,P331,151,0,42,109,97,3
2026-08-18,S04,P442,146,502,91,557,194,2
2026-08-18,S04,P443,731,0,96,635,259,3
2026-08-18,S04,P501,93,0,16,77,32,3
2026-08-18,S04,P502,113,0,27,86,64,1
2026-08-18,S04,P601,54,0,8,46,48,3
2026-08-18,S04,P701,118,0,15,103,38,4
2026-08-18,S04,P702,201,0,31,170,81,1
2026-08-19,S01,P101,429,0,46,383,187,2
2026-08-19,S01,P102,162,0,28,134,56,4
2026-08-19,S01,P201,214,0,34,180,93,3
2026-08-19,S01,P205,158,0,39,119,75,4
2026-08-19,S01,P330,376,0,48,328,150,1
2026-08-19,S01,P331,248,0,42,206,112,2
2026-08-19,S01,P442,177,573,68,682,225,3
2026-08-19,S01,P443,553,0,151,402,300,3
2026-08-19,S01,P501,91,0,9,82,37,4
2026-08-19,S01,P502,159,0,31,128,75,4
2026-08-19,S01,P601,147,0,20,127,56,3
2026-08-19,S01,P701,45,105,22,128,45,1
2026-08-19,S01,P702,86,226,30,282,93,3
2026-08-19,S02,P101,793,0,123,670,427,4
2026-08-19,S02,P102,389,0,58,331,128,4
2026-08-19,S02,P201,573,0,77,496,213,2
2026-08-19,S02,P205,146,424,50,520,171,1
2026-08-19,S02,P330,699,0,118,581,342,3
2026-08-19,S02,P331,513,0,100,413,256,1
2026-08-19,S02,P442,643,0,182,461,513,1
2026-08-19,S02,P443,839,0,223,616,684,1
2026-08-19,S02,P501,175,0,31,144,85,2
2026-08-19,S02,P502,374,0,51,323,171,4
2026-08-19,S02,P601,150,0,52,98,128,4
2026-08-19,S02,P701,308,0,30,278,102,4
2026-08-19,S02,P702,403,0,63,340,213,1
2026-08-19,S03,P101,315,0,46,269,108,2
2026-08-19,S03,P102,67,0,11,56,32,2
2026-08-19,S03,P201,57,0,17,40,54,3
2026-08-19,S03,P205,43,101,17,127,43,3
2026-08-19,S03,P330,239,0,29,210,86,4
2026-08-19,S03,P331,99,0,23,76,64,4
2026-08-19,S03,P442,178,0,45,133,129,2
2026-08-19,S03,P443,262,0,48,214,172,3
2026-08-19,S03,P501,26,0,6,20,21,1
2026-08-19,S03,P502,55,0,14,41,43,4
2026-08-19,S03,P601,78,0,12,66,32,1
2026-08-19,S03,P701,77,0,4,73,25,1
2026-08-19,S03,P702,166,0,18,148,54,4
2026-08-19,S04,P101,489,0,87,402,162,1
2026-08-19,S04,P102,69,0,17,52,48,2
2026-08-19,S04,P201,224,0,21,203,81,2
2026-08-19,S04,P205,133,0,48,85,64,4
2026-08-19,S04,P330,294,0,42,252,129,4
2026-08-19,S04,P331,109,0,30,79,97,3
2026-08-19,S04,P442,557,0,60,497,194,2
2026-08-19,S04,P443,635,0,81,554,259,4
2026-08-19,S04,P501,77,0,8,69,32,4
2026-08-19,S04,P502,86,0,22,64,64,3
2026-08-19,S04,P601,46,116,16,146,48,4
2026-08-19,S04,P701,103,0,18,85,38,2
2026-08-19,S04,P702,170,0,23,147,81,4
2026-08-20,S01,P101,383,0,60,323,187,3
2026-08-20,S01,P102,134,0,22,112,56,2
2026-08-20,S01,P201,180,0,34,146,93,1
2026-08-20,S01,P205,119,0,31,88,75,3
2026-08-20,S01,P330,328,0,45,283,150,2
2026-08-20,S01,P331,206,0,29,177,112,1
2026-08-20,S01,P442,682,0,65,617,225,3
2026-08-20,S01,P443,402,0,95,307,300,1
2026-08-20,S01,P501,82,0,13,69,37,3
2026-08-20,S01,P502,128,0,25,103,75,4
2026-08-20,S01,P601,127,0,20,107,56,2
2026-08-20,S01,P701,128,0,22,106,45,3
2026-08-20,S01,P702,282,0,28,254,93,3
2026-08-20,S02,P101,670,0,125,545,427,2
2026-08-20,S02,P102,331,0,43,288,128,3
2026-08-20,S02,P201,496,0,70,426,213,2
2026-08-20,S02,P205,520,0,63,457,171,1
2026-08-20,S02,P330,581,0,114,467,342,4
2026-08-20,S02,P331,413,0,75,338,256,4
2026-08-20,S02,P442,461,1249,182,1528,513,4
2026-08-20,S02,P443,616,1664,339,1941,684,2
2026-08-20,S02,P501,144,0,29,115,85,4
2026-08-20,S02,P502,323,0,57,266,171,3
2026-08-20,S02,P601,98,329,46,381,128,2
2026-08-20,S02,P701,278,0,39,239,102,4
2026-08-20,S02,P702,340,0,66,274,213,1
2026-08-20,S03,P101,269,0,32,237,108,3
2026-08-20,S03,P102,56,0,12,44,32,2
2026-08-20,S03,P201,40,140,22,158,54,2
2026-08-20,S03,P205,127,0,17,110,43,1
2026-08-20,S03,P330,210,0,37,173,86,1
2026-08-20,S03,P331,76,0,30,46,64,2
2026-08-20,S03,P442,133,0,96,37,129,4
2026-08-20,S03,P443,214,0,56,158,172,3
2026-08-20,S03,P501,20,52,5,67,21,3
2026-08-20,S03,P502,41,103,17,127,43,2
2026-08-20,S03,P601,66,0,22,44,32,1
2026-08-20,S03,P701,73,0,7,66,25,3
2026-08-20,S03,P702,148,0,12,136,54,1
2026-08-20,S04,P101,402,0,62,340,162,4
2026-08-20,S04,P102,52,0,16,36,48,1
2026-08-20,S04,P201,203,0,27,176,81,4
2026-08-20,S04,P205,85,0,26,59,64,4
2026-08-20,S04,P330,252,0,57,195,129,2
2026-08-20,S04,P331,79,245,34,290,97,4
2026-08-20,S04,P442,497,0,54,443,194,4
2026-08-20,S04,P443,554,0,83,471,259,1
2026-08-20,S04,P501,69,0,12,57,32,3
2026-08-20,S04,P502,64,152,31,185,64,4
2026-08-20,S04,P601,146,0,16,130,48,1
2026-08-20,S04,P701,85,0,18,67,38,3
2026-08-20,S04,P702,147,0,23,124,81,3
2026-08-21,S01,P101,323,0,58,265,187,2
2026-08-21,S01,P102,112,0,26,86,56,3
2026-08-21,S01,P201,146,0,30,116,93,4
2026-08-21,S01,P205,88,0,27,61,75,1
2026-08-21,S01,P330,283,0,70,213,150,3
2026-08-21,S01,P331,177,0,50,127,112,2
2026-08-21,S01,P442,617,0,76,541,225,4
2026-08-21,S01,P443,307,0,105,202,300,3
2026-08-21,S01,P501,69,0,15,54,37,1
2026-08-21,S01,P502,103,0,27,76,75,2
2026-08-21,S01,P601,107,0,12,95,56,4
2026-08-21,S01,P701,106,0,14,92,45,3
2026-08-21,S01,P702,254,0,29,225,93,2
2026-08-21,S01,P999,172,0,50,122,75,4
2026-08-21,S02,P101,545,0,137,408,427,1
2026-08-21,S02,P102,288,0,55,233,128,2
2026-08-21,S02,P201,426,0,81,345,213,1
2026-08-21,S02,P205,457,0,64,393,171,4
2026-08-21,S02,P330,467,0,177,290,342,2
2026-08-21,S02,P331,338,0,89,249,256,2
2026-08-21,S02,P442,1528,0,161,1367,513,1
2026-08-21,S02,P443,1941,0,198,1743,684,4
2026-08-21,S02,P501,115,0,32,83,85,2
2026-08-21,S02,P502,266,0,61,205,171,1
2026-08-21,S02,P601,381,0,45,336,128,3
2026-08-21,S02,P701,239,0,23,216,102,2
2026-08-21,S02,P702,274,0,65,209,213,2
2026-08-21,S02,P999,153,417,54,516,171,1
2026-08-21,S03,P101,237,0,50,187,108,2
2026-08-21,S03,P102,44,0,8,36,32,2
2026-08-21,S03,P201,158,0,14,144,54,2
2026-08-21,S03,P205,110,0,10,100,43,2
2026-08-21,S03,P330,173,0,30,143,86,4
2026-08-21,S03,P331,46,169,20,195,64,2
2026-08-21,S03,P442,37,394,35,396,129,2
2026-08-21,S03,P443,158,418,88,488,172,1
2026-08-21,S03,P501,67,0,12,55,21,4
2026-08-21,S03,P502,127,0,14,113,43,2
2026-08-21,S03,P601,44,0,10,34,32,1
2026-08-21,S03,P701,66,0,10,56,25,2
2026-08-21,S03,P702,136,0,13,123,54,4
2026-08-21,S03,P999,178,0,14,164,43,4
2026-08-21,S04,P101,340,0,66,274,162,2
2026-08-21,S04,P102,36,126,16,146,48,2
2026-08-21,S04,P201,176,0,29,147,81,4
2026-08-21,S04,P205,59,157,28,188,64,2
2026-08-21,S04,P330,195,0,71,124,129,4
2026-08-21,S04,P331,290,0,25,265,97,2
2026-08-21,S04,P442,443,0,108,335,194,2
2026-08-21,S04,P443,471,0,87,384,259,2
2026-08-21,S04,P501,57,0,8,49,32,4
2026-08-21,S04,P502,185,0,17,168,64,2
2026-08-21,S04,P601,130,0,9,121,48,3
2026-08-21,S04,P701,67,0,23,44,38,2
2026-08-21,S04,P702,124,0,29,95,81,1
2026-08-21,S04,P999,168,0,26,142,64,4
2026-08-22,S01,P101,265,0,74,191,187,4
2026-08-22,S01,P102,86,0,25,61,56,4
2026-08-22,S01,P201,116,0,31,85,93,4
2026-08-22,S01,P205,61,189,35,215,75,1
2026-08-22,S01,P330,213,0,78,135,150,3
2026-08-22,S01,P331,127,0,52,75,112,1
2026-08-22,S01,P442,541,0,110,431,225,2
2026-08-22,S01,P443,202,798,140,860,300,3
2026-08-22,S01,P501,54,0,12,42,37,3
2026-08-22,S01,P502,76,0,35,41,75,1
2026-08-22,S01,P601,95,0,23,72,56,2
2026-08-22,S01,P701,92,0,22,70,45,1
2026-08-22,S01,P702,225,0,34,191,93,3
2026-08-22,S01,P999,122,0,33,89,75,1
2026-08-22,S02,P101,408,1017,173,1252,427,1
2026-08-22,S02,P102,233,0,74,159,128,3
2026-08-22,S02,P201,345,0,99,246,213,2
2026-08-22,S02,P205,393,0,57,336,171,3
2026-08-22,S02,P330,290,850,135,1005,342,3
2026-08-22,S02,P331,249,606,114,741,256,4
2026-08-22,S02,P442,1367,0,252,1115,513,3
2026-08-22,S02,P443,1743,0,318,1425,684,4
2026-08-22,S02,P501,83,202,45,240,85,1
2026-08-22,S02,P502,205,0,75,130,171,2
2026-08-22,S02,P601,336,0,40,296,128,1
2026-08-22,S02,P701,216,0,33,183,102,4
2026-08-22,S02,P702,209,503,107,605,213,3
2026-08-22,S02,P999,516,0,111,405,171,1
2026-08-22,S03,P101,187,0,50,137,108,3
2026-08-22,S03,P102,36,0,15,21,32,4
2026-08-22,S03,P201,144,0,21,123,54,1
2026-08-22,S03,P205,100,0,27,73,43,4
2026-08-22,S03,P330,143,0,54,89,86,4
2026-08-22,S03,P331,195,0,28,167,64,3
2026-08-22,S03,P442,396,0,56,340,129,1
2026-08-22,S03,P443,488,0,77,411,172,1
2026-08-22,S03,P501,55,0,7,48,21,2
2026-08-22,S03,P502,113,0,18,95,43,1
2026-08-22,S03,P601,34,0,8,26,32,2
2026-08-22,S03,P701,56,0,9,47,25,4
2026-08-22,S03,P702,123,0,25,98,54,3
2026-08-22,S03,P999,164,0,15,149,43,2
2026-08-22,S04,P101,274,0,82,192,162,3
2026-08-22,S04,P102,146,0,13,133,48,4
2026-08-22,S04,P201,147,0,36,111,81,1
2026-08-22,S04,P205,188,0,32,156,64,1
2026-08-22,S04,P330,124,308,61,371,129,1
2026-08-22,S04,P331,265,0,45,220,97,1
2026-08-22,S04,P442,335,0,73,262,194,2
2026-08-22,S04,P443,384,0,186,198,259,3
2026-08-22,S04,P501,49,0,14,35,32,3
2026-08-22,S04,P502,168,0,23,145,64,2
2026-08-22,S04,P601,121,0,15,106,48,2
2026-08-22,S04,P701,44,0,23,21,38,1
2026-08-22,S04,P702,95,0,29,66,81,1
2026-08-22,S04,P999,142,0,33,109,64,1
2026-08-23,S01,P101,191,0,100,91,187,1
2026-08-23,S01,P102,61,0,22,39,56,2
2026-08-23,S01,P201,85,227,72,240,93,2
2026-08-23,S01,P205,215,0,31,184,75,3
2026-08-23,S01,P330,135,365,67,433,150,1
2026-08-23,S01,P331,75,300,90,285,112,3
2026-08-23,S01,P442,431,0,106,325,225,2
2026-08-23,S01,P443,860,0,153,707,300,2
2026-08-23,S01,P501,42,0,16,26,37,4
2026-08-23,S01,P502,41,209,34,216,75,1
2026-08-23,S01,P601,72,0,25,47,56,2
2026-08-23,S01,P701,70,0,31,39,45,3
2026-08-23,S01,P702,191,0,43,148,93,4
2026-08-23,S01,P999,89,0,63,26,75,1
2026-08-23,S02,P101,1252,0,178,1074,427,4
2026-08-23,S02,P102,159,0,47,112,128,4
2026-08-23,S02,P201,246,0,147,99,213,2
2026-08-23,S02,P205,336,0,79,257,171,1
2026-08-23,S02,P330,1005,0,164,841,342,4
2026-08-23,S02,P331,741,0,142,599,256,1
2026-08-23,S02,P442,1115,0,209,906,513,1
2026-08-23,S02,P443,1425,0,304,1121,684,3
2026-08-23,S02,P501,240,0,33,207,85,2
2026-08-23,S02,P502,130,440,100,470,171,2
2026-08-23,S02,P601,296,0,74,222,128,1
2026-08-23,S02,P701,183,0,46,137,102,1
2026-08-23,S02,P702,605,0,89,516,213,3
2026-08-23,S02,P999,405,0,68,337,171,1
2026-08-23,S03,P101,137,0,48,89,108,1
2026-08-23,S03,P102,21,86,9,98,32,2
2026-08-23,S03,P201,123,0,20,103,54,2
2026-08-23,S03,P205,73,0,24,49,43,4
2026-08-23,S03,P330,89,0,28,61,86,2
2026-08-23,S03,P331,167,0,21,146,64,1
2026-08-23,S03,P442,340,0,56,284,129,2
2026-08-23,S03,P443,411,0,67,344,172,3
2026-08-23,S03,P501,48,0,7,41,21,1
2026-08-23,S03,P502,95,0,19,76,43,4
2026-08-23,S03,P601,26,81,15,92,32,3
2026-08-23,S03,P701,47,0,15,32,25,3
2026-08-23,S03,P702,98,0,21,77,54,2
2026-08-23,S03,P999,149,0,20,129,43,2
2026-08-23,S04,P101,192,0,66,126,162,4
2026-08-23,S04,P102,133,0,20,113,48,3
2026-08-23,S04,P201,111,0,32,79,81,4
2026-08-23,S04,P205,156,0,32,124,64,1
2026-08-23,S04,P330,371,0,52,319,129,1
2026-08-23,S04,P331,220,0,36,184,97,2
2026-08-23,S04,P442,262,0,85,177,194,2
2026-08-23,S04,P443,198,666,110,754,259,4
2026-08-23,S04,P501,35,0,9,26,32,4
2026-08-23,S04,P502,145,0,30,115,64,1
2026-08-23,S04,P601,106,0,33,73,48,2
2026-08-23,S04,P701,21,108,13,116,38,1
2026-08-23,S04,P702,66,204,32,238,81,1
2026-08-23,S04,P999,109,0,32,77,64,4
2026-08-24,S01,P101,91,534,51,574,187,3
2026-08-24,S01,P102,39,148,20,167,56,3
2026-08-24,S01,P201,240,0,32,208,93,3
2026-08-24,S01,P205,184,0,22,162,75,1
2026-08-24,S01,P330,433,0,54,379,150,1
2026-08-24,S01,P331,285,0,74,211,112,2
2026-08-24,S01,P442,325,0,66,259,225,4
2026-08-24,S01,P443,707,0,90,617,300,2
2026-08-24,S01,P501,26,99,14,111,37,2
2026-08-24,S01,P502,216,0,30,186,75,4
2026-08-24,S01,P601,47,140,15,172,56,2
2026-08-24,S01,P701,39,111,13,137,45,3
2026-08-24,S01,P702,148,0,25,123,93,3
2026-08-24,S01,P999,26,224,27,223,75,4
2026-08-24,S02,P101,1074,0,146,928,427,2
2026-08-24,S02,P102,112,315,29,398,128,4
2026-08-24,S02,P201,99,613,50,662,213,2
2026-08-24,S02,P205,257,0,55,202,171,3
2026-08-24,S02,P330,841,0,121,720,342,3
2026-08-24,S02,P331,599,0,88,511,256,3
2026-08-24,S02,P442,906,0,144,762,513,1
2026-08-24,S02,P443,1121,0,212,909,684,1
2026-08-24,S02,P501,207,0,27,180,85,2
2026-08-24,S02,P502,470,0,68,402,171,4
2026-08-24,S02,P601,222,0,45,177,128,1
2026-08-24,S02,P701,137,0,36,101,102,4
2026-08-24,S02,P702,516,0,49,467,213,2
2026-08-24,S02,P999,337,0,48,289,171,3
2026-08-24,S03,P101,89,271,38,322,108,2
2026-08-24,S03,P102,98,0,8,90,32,3
2026-08-24,S03,P201,103,0,18,85,54,2
2026-08-24,S03,P205,49,0,29,20,43,1
2026-08-24,S03,P330,61,227,24,264,86,2
2026-08-24,S03,P331,146,0,36,110,64,1
2026-08-24,S03,P442,284,0,47,237,129,1
2026-08-24,S03,P443,344,0,59,285,172,2
2026-08-24,S03,P501,41,0,7,34,21,2
2026-08-24,S03,P502,76,0,10,66,43,3
2026-08-24,S03,P601,92,0,11,81,32,3
2026-08-24,S03,P701,32,0,4,28,25,4
2026-08-24,S03,P702,77,0,17,60,54,3
2026-08-24,S03,P999,129,0,22,107,43,1
2026-08-24,S04,P101,126,414,51,489,162,1
2026-08-24,S04,P102,113,0,30,83,48,1
2026-08-24,S04,P201,79,191,25,245,81,1
2026-08-24,S04,P205,124,0,9,115,64,2
2026-08-24,S04,P330,319,0,39,280,129,3
2026-08-24,S04,P331,184,0,34,150,97,4
2026-08-24,S04,P442,177,471,61,587,194,4
2026-08-24,S04,P443,754,0,85,669,259,3
2026-08-24,S04,P501,26,82,8,100,32,4
2026-08-24,S04,P502,115,0,27,88,64,1
2026-08-24,S04,P601,73,0,23,50,48,2
2026-08-24,S04,P701,116,0,9,107,38,2
2026-08-24,S04,P702,238,0,24,214,81,2
2026-08-24,S04,P999,77,0,22,55,64,4
2026-08-25,S01,P101,574,0,107,467,187,4
2026-08-25,S01,P102,167,0,37,130,56,4
2026-08-25,S01,P201,208,0,46,162,93,1
2026-08-25,S01,P205,162,0,55,107,75,1
2026-08-25,S01,P330,379,0,85,294,150,4
2026-08-25,S01,P331,211,0,53,158,112,2
2026-08-25,S01,P442,259,0,159,100,225,3
2026-08-25,S01,P443,617,0,173,444,300,4
2026-08-25,S01,P501,111,0,21,90,37,4
2026-08-25,S01,P502,186,0,55,131,75,2
2026-08-25,S01,P601,172,0,23,149,56,3
2026-08-25,S01,P701,137,0,25,112,45,2
2026-08-25,S01,P702,123,0,67,56,93,3
2026-08-25,S01,P999,223,0,45,178,75,1
2026-08-25,S02,P101,928,0,285,643,427,4
2026-08-25,S02,P102,398,0,65,333,128,1
2026-08-25,S02,P201,662,0,142,520,213,2
2026-08-25,S02,P205,202,0,114,88,171,4
2026-08-25,S02,P330,720,0,219,501,342,2
2026-08-25,S02,P331,511,0,157,354,256,1
2026-08-25,S02,P442,762,0,455,307,513,1
2026-08-25,S02,P443,909,0,413,496,684,1
2026-08-25,S02,P501,180,0,37,143,85,3
2026-08-25,S02,P502,402,0,117,285,171,4
2026-08-25,S02,P601,177,0,74,103,128,1
2026-08-25,S02,P701,101,241,66,276,102,2
2026-08-25,S02,P702,467,0,135,332,213,1
2026-08-25,S02,P999,289,0,114,175,171,4
2026-08-25,S03,P101,322,0,56,266,108,1
2026-08-25,S03,P102,90,0,21,69,32,1
2026-08-25,S03,P201,85,0,49,36,54,1
2026-08-25,S03,P205,20,124,15,129,43,4
2026-08-25,S03,P330,264,0,55,209,86,4
2026-08-25,S03,P331,110,0,32,78,64,2
2026-08-25,S03,P442,237,0,96,141,129,1
2026-08-25,S03,P443,285,0,102,183,172,1
2026-08-25,S03,P501,34,0,15,19,21,1
2026-08-25,S03,P502,66,0,31,35,43,4
2026-08-25,S03,P601,81,0,28,53,32,1
2026-08-25,S03,P701,28,0,13,15,25,1
2026-08-25,S03,P702,60,0,48,12,54,1
2026-08-25,S03,P999,107,0,30,77,43,4
2026-08-25,S04,P101,489,0,93,396,162,2
2026-08-25,S04,P102,83,0,28,55,48,1
2026-08-25,S04,P201,245,0,43,202,81,2
2026-08-25,S04,P205,115,0,37,78,64,4
2026-08-25,S04,P330,280,0,71,209,129,4
2026-08-25,S04,P331,150,0,55,95,97,4
2026-08-25,S04,P442,587,0,184,403,194,4
2026-08-25,S04,P443,669,0,150,519,259,3
2026-08-25,S04,P501,100,0,21,79,32,4
2026-08-25,S04,P502,88,0,46,42,64,3
2026-08-25,S04,P601,50,0,26,24,48,2
2026-08-25,S04,P701,107,0,18,89,38,2
2026-08-25,S04,P702,214,0,46,168,81,2
2026-08-25,S04,P999,55,161,36,180,64,1
2026-08-26,S01,P101,467,0,90,377,187,1
2026-08-26,S01,P102,130,0,31,99,56,3
2026-08-26,S01,P201,162,0,60,102,93,3
2026-08-26,S01,P205,107,0,33,74,75,3
2026-08-26,S01,P330,294,0,89,205,150,4
2026-08-26,S01,P331,158,0,64,94,112,1
2026-08-26,S01,P442,100,650,138,612,225,2
2026-08-26,S01,P443,444,0,208,236,300,4
2026-08-26,S01,P501,90,0,13,77,37,4
2026-08-26,S01,P502,131,0,44,87,75,2
2026-08-26,S01,P601,149,0,24,125,56,2
2026-08-26,S01,P701,112,0,28,84,45,3
2026-08-26,S01,P702,56,256,63,249,93,4
2026-08-26,S01,P999,178,0,76,102,75,3
2026-08-26,S02,P101,643,0,220,423,427,3
2026-08-26,S02,P102,333,0,79,254,128,4
2026-08-26,S02,P201,520,0,144,376,213,4
2026-08-26,S02,P205,88,482,104,466,171,2
2026-08-26,S02,P330,501,0,154,347,342,4
2026-08-26,S02,P331,354,0,247,107,256,4
2026-08-26,S02,P442,307,1403,295,1415,513,1
2026-08-26,S02,P443,496,1784,624,1656,684,4
2026-08-26,S02,P501,143,0,50,93,85,2
2026-08-26,S02,P502,285,0,93,192,171,4
2026-08-26,S02,P601,103,324,121,306,128,3
2026-08-26,S02,P701,276,0,48,228,102,3
2026-08-26,S02,P702,332,0,154,178,213,1
2026-08-26,S02,P999,175,0,93,82,171,1
2026-08-26,S03,P101,266,0,61,205,108,1
2026-08-26,S03,P102,69,0,27,42,32,1
2026-08-26,S03,P201,36,144,28,152,54,4
2026-08-26,S03,P205,129,0,27,102,43,2
2026-08-26,S03,P330,209,0,50,159,86,4
2026-08-26,S03,P331,78,0,36,42,64,4
2026-08-26,S03,P442,141,0,73,68,129,2
2026-08-26,S03,P443,183,0,118,65,172,2
2026-08-26,S03,P501,19,53,9,63,21,1
2026-08-26,S03,P502,35,109,27,117,43,2
2026-08-26,S03,P601,53,0,18,35,32,3
2026-08-26,S03,P701,15,71,22,64,25,3
2026-08-26,S03,P702,12,168,28,152,54,3
2026-08-26,S03,P999,77,0,21,56,43,4
2026-08-26,S04,P101,396,0,100,296,162,3
2026-08-26,S04,P102,55,0,49,6,48,3
2026-08-26,S04,P201,202,0,43,159,81,1
2026-08-26,S04,P205,78,0,45,33,64,3
2026-08-26,S04,P330,209,0,82,127,129,2
2026-08-26,S04,P331,95,229,43,281,97,4
2026-08-26,S04,P442,403,0,109,294,194,3
2026-08-26,S04,P443,519,0,168,351,259,3
2026-08-26,S04,P501,79,0,17,62,32,2
2026-08-26,S04,P502,42,174,44,172,64,4
2026-08-26,S04,P601,24,138,26,136,48,1
2026-08-26,S04,P701,89,0,31,58,38,1
2026-08-26,S04,P702,168,0,41,127,81,4
2026-08-26,S04,P999,180,0,26,154,64,1
2026-08-27,S01,P101,377,0,51,326,187,4
2026-08-27,S01,P102,99,0,10,89,56,2
2026-08-27,S01,P201,102,0,36,66,93,4
2026-08-27,S01,P205,74,176,23,227,75,1
2026-08-27,S01,P330,205,0,51,154,150,2
2026-08-27,S01,P331,94,281,49,326,112,3
2026-08-27,S01,P442,612,0,101,511,225,1
2026-08-27,S01,P443,236,764,118,882,300,1
2026-08-27,S01,P501,77,0,15,62,37,3
2026-08-27,S01,P502,87,0,23,64,75,2
2026-08-27,S01,P601,125,0,17,108,56,2
2026-08-27,S01,P701,84,0,13,71,45,3
2026-08-27,S01,P702,249,0,37,212,93,2
2026-08-27,S01,P999,102,0,23,79,75,2
2026-08-27,S02,P101,423,1002,139,1286,427,4
2026-08-27,S02,P102,254,0,42,212,128,3
2026-08-27,S02,P201,376,0,78,298,213,1
2026-08-27,S02,P205,466,0,80,386,171,1
2026-08-27,S02,P330,347,0,113,234,342,2
2026-08-27,S02,P331,107,748,135,720,256,1
2026-08-27,S02,P442,1415,0,167,1248,513,4
2026-08-27,S02,P443,1656,0,261,1395,684,1
2026-08-27,S02,P501,93,0,29,64,85,4
2026-08-27,S02,P502,192,0,54,138,171,3
2026-08-27,S02,P601,306,0,37,269,128,4
2026-08-27,S02,P701,228,0,29,199,102,1
2026-08-27,S02,P702,178,534,74,638,213,3
2026-08-27,S02,P999,82,488,63,507,171,3
2026-08-27,S03,P101,205,0,37,168,108,2
2026-08-27,S03,P102,42,0,6,36,32,1
2026-08-27,S03,P201,152,0,12,140,54,3
2026-08-27,S03,P205,102,0,23,79,43,4
2026-08-27,S03,P330,159,0,16,143,86,1
2026-08-27,S03,P331,42,173,28,187,64,1
2026-08-27,S03,P442,68,363,35,396,129,1
2026-08-27,S03,P443,65,511,56,520,172,3
2026-08-27,S03,P501,63,0,10,53,21,1
2026-08-27,S03,P502,117,0,10,107,43,1
2026-08-27,S03,P601,35,0,11,24,32,4
2026-08-27,S03,P701,64,0,12,52,25,3
2026-08-27,S03,P702,152,0,20,132,54,4
2026-08-27,S03,P999,56,0,8,48,43,1
2026-08-27,S04,P101,296,0,63,233,162,3
2026-08-27,S04,P102,6,156,17,145,48,4
2026-08-27,S04,P201,159,0,29,130,81,2
2026-08-27,S04,P205,33,183,16,200,64,2
2026-08-27,S04,P330,127,305,39,393,129,4
2026-08-27,S04,P331,281,0,31,250,97,2
2026-08-27,S04,P442,294,0,71,223,194,1
2026-08-27,S04,P443,351,0,78,273,259,3
2026-08-27,S04,P501,62,0,11,51,32,3
2026-08-27,S04,P502,172,0,21,151,64,3
2026-08-27,S04,P601,136,0,18,118,48,2
2026-08-27,S04,P701,58,0,16,42,38,3
2026-08-27,S04,P702,127,0,27,100,81,1
2026-08-27,S04,P999,154,0,27,127,64,3
2026-08-28,S01,P101,326,0,52,274,187,4
2026-08-28,S01,P102,89,0,19,70,56,1
2026-08-28,S01,P201,66,246,36,276,93,2
2026-08-28,S01,P205,227,0,26,201,75,4
2026-08-28,S01,P330,154,0,55,99,150,1
2026-08-28,S01,P331,326,0,48,278,112,2
2026-08-28,S01,P442,511,0,73,438,225,4
2026-08-28,S01,P443,882,0,165,717,300,1
2026-08-28,S01,P501,62,0,10,52,37,4
2026-08-28,S01,P502,64,186,26,224,75,1
2026-08-28,S01,P601,108,0,16,92,56,2
2026-08-28,S01,P701,71,0,13,58,45,2
2026-08-28,S01,P702,212,0,38,174,93,1
2026-08-28,S01,P999,79,0,20,59,75,1
2026-08-28,S02,P101,1286,0,137,1149,427,3
2026-08-28,S02,P102,212,0,39,173,128,1
2026-08-28,S02,P201,298,0,79,219,213,1
2026-08-28,S02,P205,386,0,58,328,171,4
2026-08-28,S02,P330,234,906,99,1041,342,4
2026-08-28,S02,P331,720,0,100,620,256,4
2026-08-28,S02,P442,1248,0,175,1073,513,1
2026-08-28,S02,P443,1395,0,237,1158,684,4
2026-08-28,S02,P501,64,221,26,259,85,3
2026-08-28,S02,P502,138,432,66,504,171,4
2026-08-28,S02,P601,269,0,43,226,128,2
2026-08-28,S02,P701,199,0,33,166,102,2
2026-08-28,S02,P702,638,0,74,564,213,4
2026-08-28,S02,P999,507,0,47,460,171,4
2026-08-28,S03,P101,168,0,38,130,108,1
2026-08-28,S03,P102,36,0,9,27,32,3
2026-08-28,S03,P201,140,0,19,121,54,2
2026-08-28,S03,P205,79,0,13,66,43,4
2026-08-28,S03,P330,143,0,23,120,86,3
2026-08-28,S03,P331,187,0,21,166,64,2
2026-08-28,S03,P442,396,0,49,347,129,4
2026-08-28,S03,P443,520,0,59,461,172,3
2026-08-28,S03,P501,53,0,7,46,21,3
2026-08-28,S03,P502,107,0,14,93,43,4
2026-08-28,S03,P601,24,83,9,98,32,3
2026-08-28,S03,P701,52,0,8,44,25,4
2026-08-28,S03,P702,132,0,21,111,54,2
2026-08-28,S03,P999,48,0,10,38,43,2
2026-08-28,S04,P101,233,0,36,197,162,3
2026-08-28,S04,P102,145,0,19,126,48,1
2026-08-28,S04,P201,130,0,27,103,81,1
2026-08-28,S04,P205,200,0,27,173,64,3
2026-08-28,S04,P330,393,0,41,352,129,3
2026-08-28,S04,P331,250,0,43,207,97,4
2026-08-28,S04,P442,223,0,56,167,194,3
2026-08-28,S04,P443,273,0,99,174,259,4
2026-08-28,S04,P501,51,0,17,34,32,1
2026-08-28,S04,P502,151,0,19,132,64,1
2026-08-28,S04,P601,118,0,21,97,48,3
2026-08-28,S04,P701,42,0,11,31,38,1
2026-08-28,S04,P702,100,0,27,73,81,4
2026-08-28,S04,P999,127,0,34,93,64,4
2026-08-29,S01,P101,274,0,82,192,187,3
2026-08-29,S01,P102,70,0,19,51,56,4
2026-08-29,S01,P201,276,0,50,226,93,4
2026-08-29,S01,P205,201,0,33,168,75,2
2026-08-29,S01,P330,99,401,102,398,150,1
2026-08-29,S01,P331,278,0,39,239,112,1
2026-08-29,S01,P442,438,0,86,352,225,2
2026-08-29,S01,P443,717,0,123,594,300,2
2026-08-29,S01,P501,52,0,26,26,37,2
2026-08-29,S01,P502,224,0,30,194,75,4
2026-08-29,S01,P601,92,0,19,73,56,4
2026-08-29,S01,P701,58,0,26,32,45,2
2026-08-29,S01,P702,174,0,34,140,93,1
2026-08-29,S01,P999,59,191,38,212,75,3
2026-08-29,S02,P101,1149,0,184,965,427,2
2026-08-29,S02,P102,173,0,78,95,128,1
2026-08-29,S02,P201,219,0,95,124,213,1
2026-08-29,S02,P205,328,0,78,250,171,2
2026-08-29,S02,P330,1041,0,137,904,342,1
2026-08-29,S02,P331,620,0,115,505,256,3
2026-08-29,S02,P442,1073,0,207,866,513,4
2026-08-29,S02,P443,1158,0,305,853,684,3
2026-08-29,S02,P501,259,0,50,209,85,4
2026-08-29,S02,P502,504,0,57,447,171,3
2026-08-29,S02,P601,226,0,50,176,128,1
2026-08-29,S02,P701,166,0,50,116,102,4
2026-08-29,S02,P702,564,0,91,473,213,3
2026-08-29,S02,P999,460,0,59,401,171,1
2026-08-29,S03,P101,130,0,49,81,108,2
2026-08-29,S03,P102,27,80,14,93,32,2
2026-08-29,S03,P201,121,0,16,105,54,4
2026-08-29,S03,P205,66,0,21,45,43,1
2026-08-29,S03,P330,120,0,42,78,86,3
2026-08-29,S03,P331,166,0,38,128,64,4
2026-08-29,S03,P442,347,0,60,287,129,1
2026-08-29,S03,P443,461,0,82,379,172,3
2026-08-29,S03,P501,46,0,11,35,21,4
2026-08-29,S03,P502,93,0,18,75,43,3
2026-08-29,S03,P601,98,0,21,77,32,2
2026-08-29,S03,P701,44,0,16,28,25,2
2026-08-29,S03,P702,111,0,26,85,54,2
2026-08-29,S03,P999,38,106,30,114,43,3
2026-08-29,S04,P101,197,0,113,84,162,2
2026-08-29,S04,P102,126,0,33,93,48,3
2026-08-29,S04,P201,103,0,50,53,81,3
2026-08-29,S04,P205,173,0,20,153,64,1
2026-08-29,S04,P330,352,0,44,308,129,3
2026-08-29,S04,P331,207,0,64,143,97,3
2026-08-29,S04,P442,167,481,91,557,194,3
2026-08-29,S04,P443,174,690,99,765,259,4
2026-08-29,S04,P501,34,0,17,17,32,3
2026-08-29,S04,P502,132,0,34,98,64,1
2026-08-29,S04,P601,97,0,22,75,48,2
2026-08-29,S04,P701,31,98,17,112,38,1
2026-08-29,S04,P702,73,197,34,236,81,3
2026-08-29,S04,P999,93,0,27,66,64,4
2026-08-30,S01,P101,192,0,90,102,187,2
2026-08-30,S01,P102,51,136,24,163,56,3
2026-08-30,S01,P201,226,0,39,187,93,2
2026-08-30,S01,P205,168,0,23,145,75,4
2026-08-30,S01,P330,398,0,62,336,150,2
2026-08-30,S01,P331,239,0,42,197,112,3
2026-08-30,S01,P442,352,0,144,208,225,4
2026-08-30,S01,P443,594,0,159,435,300,3
2026-08-30,S01,P501,26,99,29,96,37,4
2026-08-30,S01,P502,194,0,45,149,75,4
2026-08-30,S01,P601,73,0,25,48,56,1
2026-08-30,S01,P701,32,118,13,137,45,4
2026-08-30,S01,P702,140,0,41,99,93,1
2026-08-30,S01,P999,212,0,25,187,75,3
2026-08-30,S02,P101,965,0,197,768,427,4
2026-08-30,S02,P102,95,332,53,374,128,1
2026-08-30,S02,P201,124,588,76,636,213,4
2026-08-30,S02,P205,250,0,80,170,171,3
2026-08-30,S02,P330,904,0,148,756,342,1
2026-08-30,S02,P331,505,0,111,394,256,2
2026-08-30,S02,P442,866,0,220,646,513,3
2026-08-30,S02,P443,853,0,283,570,684,2
2026-08-30,S02,P501,209,0,31,178,85,4
2026-08-30,S02,P502,447,0,108,339,171,4
2026-08-30,S02,P601,176,0,46,130,128,2
2026-08-30,S02,P701,116,0,39,77,102,1
2026-08-30,S02,P702,473,0,80,393,213,2
2026-08-30,S02,P999,401,0,75,326,171,3
2026-08-30,S03,P101,81,279,44,316,108,3
2026-08-30,S03,P102,93,0,10,83,32,1
2026-08-30,S03,P201,105,0,25,80,54,4
2026-08-30,S03,P205,45,0,17,28,43,1
2026-08-30,S03,P330,78,210,52,236,86,3
2026-08-30,S03,P331,128,0,34,94,64,3
2026-08-30,S03,P442,287,0,61,226,129,2
2026-08-30,S03,P443,379,0,80,299,172,1
2026-08-30,S03,P501,35,0,12,23,21,3
2026-08-30,S03,P502,75,0,14,61,43,2
2026-08-30,S03,P601,77,0,11,66,32,4
2026-08-30,S03,P701,28,0,13,15,25,4
2026-08-30,S03,P702,85,0,16,69,54,1
2026-08-30,S03,P999,114,0,17,97,43,2
2026-08-30,S04,P101,84,456,82,458,162,1
2026-08-30,S04,P102,93,0,20,73,48,1
2026-08-30,S04,P201,53,217,46,224,81,3
2026-08-30,S04,P205,153,0,36,117,64,4
2026-08-30,S04,P330,308,0,68,240,129,2
2026-08-30,S04,P331,143,0,45,98,97,2
2026-08-30,S04,P442,557,0,90,467,194,3
2026-08-30,S04,P443,765,0,115,650,259,3
2026-08-30,S04,P501,17,91,7,101,32,2
2026-08-30,S04,P502,98,0,21,77,64,1
2026-08-30,S04,P601,75,0,34,41,48,2
2026-08-30,S04,P701,112,0,14,98,38,4
2026-08-30,S04,P702,236,0,42,194,81,1
2026-08-30,S04,P999,66,0,38,28,64,2
2026-08-31,S01,P101,102,523,67,558,187,4
2026-08-31,S01,P102,163,0,19,144,56,1
2026-08-31,S01,P201,187,0,22,165,93,3
2026-08-31,S01,P205,145,0,31,114,75,2
2026-08-31,S01,P330,336,0,44,292,150,1
2026-08-31,S01,P331,197,0,37,160,112,1
2026-08-31,S01,P442,208,542,64,686,225,2
2026-08-31,S01,P443,435,0,78,357,300,3
2026-08-31,S01,P501,96,0,16,80,37,3
2026-08-31,S01,P502,149,0,26,123,75,3
2026-08-31,S01,P601,48,139,16,171,56,3
2026-08-31,S01,P701,137,0,9,128,45,2
2026-08-31,S01,P702,99,0,27,72,93,4
2026-08-31,S01,P999,187,0,19,168,75,3
2026-08-31,S02,P101,768,0,142,626,427,3
2026-08-31,S02,P102,374,0,46,328,128,3
2026-08-31,S02,P201,636,0,62,574,213,3
2026-08-31,S02,P205,170,400,48,522,171,4
2026-08-31,S02,P330,756,0,113,643,342,3
2026-08-31,S02,P331,394,0,97,297,256,4
2026-08-31,S02,P442,646,0,235,411,513,4
2026-08-31,S02,P443,570,1710,240,2040,684,3
2026-08-31,S02,P501,178,0,26,152,85,1
2026-08-31,S02,P502,339,0,58,281,171,3
2026-08-31,S02,P601,130,0,55,75,128,3
2026-08-31,S02,P701,77,265,29,313,102,4
2026-08-31,S02,P702,393,0,70,323,213,1
2026-08-31,S02,P999,326,0,55,271,171,4
2026-08-31,S03,P101,316,0,38,278,108,4
2026-08-31,S03,P102,83,0,11,72,32,2
2026-08-31,S03,P201,80,0,21,59,54,1
2026-08-31,S03,P205,28,116,12,132,43,1
2026-08-31,S03,P330,236,0,32,204,86,2
2026-08-31,S03,P331,94,0,14,80,64,2
2026-08-31,S03,P442,226,0,41,185,129,1
2026-08-31,S03,P443,299,0,67,232,172,2
2026-08-31,S03,P501,23,0,10,13,21,3
2026-08-31,S03,P502,61,0,15,46,43,2
2026-08-31,S03,P601,66,0,22,44,32,1
2026-08-31,S03,P701,15,71,5,81,25,1
2026-08-31,S03,P702,69,0,20,49,54,3
2026-08-31,S03,P999,97,0,11,86,43,1
2026-08-31,S04,P101,458,0,62,396,162,2
2026-08-31,S04,P102,73,0,21,52,48,4
2026-08-31,S04,P201,224,0,33,191,81,4
2026-08-31,S04,P205,117,0,22,95,64,1
2026-08-31,S04,P330,240,0,45,195,129,2
2026-08-31,S04,P331,98,0,36,62,97,4
2026-08-31,S04,P442,467,0,65,402,194,4
2026-08-31,S04,P443,650,0,79,571,259,2
2026-08-31,S04,P501,101,0,11,90,32,4
2026-08-31,S04,P502,77,0,20,57,64,4
2026-08-31,S04,P601,41,121,19,143,48,3
2026-08-31,S04,P701,98,0,6,92,38,1
2026-08-31,S04,P702,194,0,22,172,81,3
2026-08-31,S04,P999,28,188,25,191,64,1
